crash_id,year,make,model,vehicle_class,test_type,mass_kg,velocity_kmh,angle_deg,a_pillar_thickness_mm,crumple_zone_length_m,yield_strength_mpa,section_height_mm,section_width_mm,hic,chest_g,intrusion_m,fatality_prob,ais_severity,crush_m,energy_absorbed_j,kinetic_energy_j,p_critical_n
NHTSA-2021-FR-0001,2021,Toyota,RAV4,suv,frontal,2143.9,49.1,8.7,1.29,0.843,399.7,167.5,116.2,594.57,28.99,0.0491,0.0038,1,0.3754,161970.9,199403.4,10921897.4
NHTSA-2022-FR-0002,2022,Nissan,Altima,sedan,frontal,1427.8,53.4,12.5,1.12,0.703,468.5,148.6,108.0,808.59,33.16,0.1158,0.024,2,0.3646,139646.1,157077.8,9835764.8
NHTSA-2005-SI-0003,2005,Ford,F-150,truck,side,2793.2,55.0,93.5,1.66,0.87,390.8,179.2,116.7,898.96,34.27,0.1663,0.1287,4,0.4625,276879.9,325981.1,49902379.0
NHTSA-2007-SI-0004,2007,Ford,Fusion,sedan,side,1683.4,54.4,85.6,1.12,0.775,439.7,169.1,110.3,1138.8,30.09,0.3703,1.0,5,0.4443,165128.9,192198.6,36008727.6
NHTSA-2019-FR-0005,2019,Honda,Accord,sedan,frontal,1305.2,64.5,9.7,0.99,0.862,374.6,141.4,112.9,866.04,29.93,0.1716,0.152,4,0.6031,177664.8,209489.1,5331181.9
NHTSA-2020-SI-0006,2020,Ford,Explorer,suv,side,2114.4,43.3,91.0,1.46,0.891,453.5,158.2,116.6,779.37,35.69,0.1886,0.2607,4,0.2452,130852.8,152942.4,31335461.7
NHTSA-2019-RO-0007,2019,Toyota,Tundra,truck,rollover,2493.5,43.7,38.6,1.6,0.786,546.5,178.1,120.5,673.73,45.3,0.0,0.0143,1,0.2042,159243.6,183711.9,23208699.8
NHTSA-2017-FR-0008,2017,GMC,Sierra,truck,frontal,2436.2,45.8,8.6,1.6,0.804,521.8,183.9,124.2,704.58,44.12,0.0284,0.0131,1,0.2149,165355.9,197155.5,19289079.3
NHTSA-2000-RO-0009,2000,Ford,Fusion,sedan,rollover,1732.3,45.7,27.7,1.24,0.897,456.1,146.5,108.6,854.8,34.38,0.0127,0.0054,2,0.2956,117413.8,139579.1,8198824.2
NHTSA-2020-SI-0010,2020,Chevrolet,Silverado,truck,side,2746.5,52.9,85.2,1.47,0.791,469.2,183.9,127.6,1207.34,39.09,0.2187,0.5636,5,0.3617,247369.4,296521.3,60562969.8
NHTSA-2009-FR-0011,2009,Rivian,R1T,ev,frontal,2342.2,62.5,13.6,1.6,1.056,363.4,166.3,127.8,1158.94,38.83,0.0601,0.015,3,0.4742,292995.3,352979.1,9013921.2
NHTSA-2004-RO-0012,2004,Ford,Fusion,sedan,rollover,1618.1,37.8,35.0,1.43,0.98,390.3,153.5,98.3,521.11,28.61,0.0,0.0022,1,0.2195,75919.8,89197.8,8223597.0
NHTSA-2015-FR-0013,2015,Ram,1500,truck,frontal,2186.7,57.3,9.5,1.74,0.732,513.8,179.9,112.8,1382.21,51.51,0.0297,0.0477,3,0.3024,234455.4,276989.6,22467640.8
NHTSA-2023-RO-0014,2023,Hyundai,Sonata,sedan,rollover,1305.3,31.4,33.7,1.08,0.803,326.2,161.7,99.2,279.97,23.02,0.0155,0.0014,1,0.1998,44327.8,49651.8,10606258.4
NHTSA-2016-FR-0015,2016,Toyota,Camry,sedan,frontal,1723.0,55.0,3.3,1.41,0.829,490.9,142.5,100.8,975.89,40.34,0.0704,0.0136,2,0.3546,163738.5,201083.1,7647574.2
NHTSA-2011-FR-0016,2011,Tesla,Model 3,ev,frontal,2176.6,51.6,12.0,1.58,0.871,377.8,176.1,124.6,855.4,39.03,0.052,0.0095,2,0.32,194185.2,223585.2,14698225.7
NHTSA-2023-FR-0017,2023,Honda,CR-V,suv,frontal,2066.2,60.8,2.4,1.02,0.809,441.3,164.6,115.4,687.38,27.65,0.0957,0.0115,1,0.6179,247903.9,294675.8,9007404.5
NHTSA-2010-SI-0018,2010,Chevrolet,Bolt,ev,side,2444.5,44.1,87.8,1.38,1.077,409.9,169.4,124.1,869.21,35.63,0.2374,0.7569,5,0.2798,155981.7,183413.9,24871811.9
NHTSA-2012-FR-0019,2012,GMC,Sierra,truck,frontal,2318.8,64.5,7.2,1.32,0.999,475.2,153.5,113.7,1042.63,36.75,0.0576,0.0107,2,0.5541,313974.4,372175.5,6389060.3
NHTSA-2018-RO-0020,2018,Toyota,Camry,sedan,rollover,1267.9,32.1,39.2,1.23,0.944,405.0,167.3,102.7,370.04,30.71,0.0091,0.0026,1,0.1439,45528.2,50403.4,9662021.2
NHTSA-2011-RO-0021,2011,Honda,CR-V,suv,rollover,2283.9,53.7,29.8,1.04,0.87,512.3,147.4,120.1,741.01,29.58,0.0006,0.0031,1,0.4638,217879.3,254091.8,7995596.7
NHTSA-2014-RO-0022,2014,Rivian,R1T,ev,rollover,2388.0,54.7,31.3,1.48,0.926,382.0,152.8,127.2,993.3,34.01,0.0,0.0066,2,0.4022,239666.4,275660.1,11268328.3
NHTSA-2003-FR-0023,2003,Ram,1500,truck,frontal,2748.4,50.8,9.5,1.72,0.967,379.8,185.9,125.2,721.47,41.87,0.0309,0.0104,1,0.3674,229546.4,273635.5,14751970.8
NHTSA-2013-RO-0024,2013,Chevrolet,Equinox,suv,rollover,1905.8,49.7,22.9,1.17,0.79,434.1,148.9,108.9,688.9,32.12,0.0,0.0036,1,0.3923,158077.0,181616.4,10394438.6
NHTSA-2014-RO-0025,2014,Ford,F-150,truck,rollover,2785.1,52.4,28.8,1.34,0.743,418.8,165.9,110.6,638.56,28.27,0.0,0.0024,1,0.4912,248066.6,295031.5,17459390.4
NHTSA-2022-RO-0026,2022,Chevrolet,Malibu,sedan,rollover,1687.1,54.9,43.5,1.23,0.835,411.1,154.5,96.5,614.54,26.71,0.006,0.0021,1,0.4981,167191.5,196178.1,9816992.3
NHTSA-2017-SI-0027,2017,Rivian,R1T,ev,side,2129.7,41.0,94.2,1.22,0.9,533.2,167.1,112.4,787.87,37.46,0.2981,0.9921,5,0.2014,115662.0,138118.3,28585800.6
NHTSA-2002-SI-0028,2002,Toyota,Camry,sedan,side,1260.3,57.8,89.9,0.97,0.982,443.9,157.8,102.3,1242.12,31.96,0.3676,1.0,5,0.4656,137233.4,162440.6,15745335.0
NHTSA-2010-FR-0029,2010,Honda,CR-V,suv,frontal,2265.7,56.5,14.5,1.4,1.036,484.9,148.9,113.0,891.63,38.46,0.0353,0.0086,2,0.4224,231149.0,279038.6,5834487.2
NHTSA-2021-RO-0030,2021,Hyundai,Tucson,suv,rollover,1949.6,32.4,44.6,1.27,0.974,430.8,169.7,123.2,348.56,28.61,0.0,0.002,1,0.147,66307.5,78958.8,10945278.1
NHTSA-2009-SI-0031,2009,Tesla,Model Y,ev,side,1869.0,36.5,86.9,1.58,1.013,479.2,158.7,114.8,602.18,51.33,0.2123,0.4995,4,0.1267,84133.0,96063.9,26080135.5
NHTSA-2018-FR-0032,2018,Hyundai,Tucson,suv,frontal,1767.3,47.9,2.6,1.49,0.975,421.9,150.2,117.7,760.53,42.84,0.0232,0.0115,1,0.263,134348.2,156439.5,7348657.2
NHTSA-2019-SI-0033,2019,GMC,Sierra,truck,side,2281.0,59.2,92.9,1.45,0.778,485.2,170.8,126.5,1593.05,40.35,0.2462,0.8392,5,0.3829,266955.0,308413.7,51666261.7
NHTSA-2017-RO-0034,2017,Ford,F-150,truck,rollover,2742.3,43.4,31.1,1.55,0.978,543.5,189.2,128.9,798.77,38.2,0.0,0.007,2,0.2138,170037.7,199278.0,17538248.1
NHTSA-2009-FR-0035,2009,Hyundai,Sonata,sedan,frontal,1534.7,52.2,8.1,1.38,0.781,461.1,146.7,95.6,808.67,34.4,0.0645,0.0076,2,0.3386,136549.5,161335.3,8716611.8
NHTSA-2009-FR-0036,2009,GMC,Sierra,truck,frontal,2198.8,61.0,11.6,1.78,0.996,374.7,157.8,128.0,1233.86,43.91,0.0369,0.0215,3,0.415,272933.8,315653.3,9955579.7
NHTSA-2011-RO-0037,2011,Hyundai,Ioniq 5,ev,rollover,2120.5,37.5,34.0,1.46,1.044,527.7,153.0,114.7,593.45,42.19,0.0,0.0098,1,0.1428,96665.9,115044.5,8152998.9
NHTSA-2015-RO-0038,2015,Toyota,RAV4,suv,rollover,2141.8,40.7,26.7,1.29,0.862,427.1,164.0,122.0,588.65,29.57,0.0,0.0026,1,0.2456,114435.4,136877.7,13014132.5
NHTSA-2016-FR-0039,2016,Ford,Mustang Mach-E,ev,frontal,2133.2,59.1,2.5,1.37,0.902,525.1,169.2,123.2,1357.67,52.43,0.063,0.0512,3,0.3332,240654.6,287456.1,10782423.8
NHTSA-2010-RO-0040,2010,Tesla,Model 3,ev,rollover,1950.0,54.4,38.9,1.45,0.968,365.2,150.1,126.2,1008.22,40.24,0.0,0.0107,2,0.3666,200436.1,222637.0,9646367.8
NHTSA-2000-RO-0041,2000,Hyundai,Sonata,sedan,rollover,1439.6,46.0,35.5,1.46,0.974,405.4,147.1,109.0,938.72,41.88,0.0032,0.0114,2,0.2377,97155.4,117522.9,8246830.1
NHTSA-2004-FR-0042,2004,Chevrolet,Silverado,truck,frontal,2202.2,45.1,5.2,1.69,0.947,506.1,186.0,118.7,696.81,52.13,0.0203,0.0328,3,0.202,150033.3,172812.4,14608574.8
NHTSA-2020-RO-0043,2020,Jeep,Grand Cherokee,suv,rollover,1816.3,34.9,29.9,1.45,0.794,398.7,148.8,116.6,423.06,34.4,0.0,0.0038,1,0.161,73675.4,85350.0,13276955.1
NHTSA-2006-RO-0044,2006,Chevrolet,Silverado,truck,rollover,2544.6,42.4,35.0,1.74,0.864,537.7,168.0,112.1,750.03,49.71,0.0,0.0246,3,0.1951,150196.6,176488.4,17288683.5
NHTSA-2009-FR-0045,2009,Toyota,Tundra,truck,frontal,2671.3,54.0,2.5,1.67,0.856,372.7,182.8,129.1,812.4,37.01,0.0472,0.0075,2,0.4152,261095.9,300521.2,17958656.6
NHTSA-2012-RO-0046,2012,Toyota,Tundra,truck,rollover,2758.8,41.6,32.1,1.34,0.817,466.1,157.8,119.1,595.6,29.69,0.0,0.0026,1,0.2777,156161.1,184192.5,13514678.1
NHTSA-2004-SI-0047,2004,Chevrolet,Bolt,ev,side,2039.7,50.2,94.4,1.34,1.038,490.5,165.5,124.5,1373.31,43.26,0.2253,0.6405,5,0.2673,173458.5,198307.3,24701280.3
NHTSA-2009-SI-0048,2009,Rivian,R1T,ev,side,2299.9,48.6,86.2,1.33,1.035,497.3,168.9,123.6,1129.45,41.68,0.2836,0.9793,5,0.2781,180798.8,209578.4,25729929.7
NHTSA-2011-SI-0049,2011,Nissan,Altima,sedan,side,1290.6,36.4,86.8,1.31,0.887,300.8,158.6,111.4,487.28,29.43,0.2811,0.9754,5,0.2031,56359.3,65972.0,27738516.6
NHTSA-2016-FR-0050,2016,Honda,Accord,sedan,frontal,1700.1,52.9,9.1,1.44,0.763,351.8,162.8,96.2,581.93,28.31,0.0791,0.007,1,0.4781,161388.1,183548.5,12234386.4
NHTSA-2010-SI-0051,2010,Ford,Fusion,sedan,side,1313.4,42.8,87.5,1.07,0.821,469.4,141.6,106.6,834.98,34.32,0.3593,0.9999,5,0.2314,79186.1,92821.7,19791911.4
NHTSA-2000-FR-0052,2000,Ford,F-150,truck,frontal,2370.7,57.2,8.5,1.14,0.869,558.4,168.2,128.7,1045.78,41.63,0.0822,0.0179,3,0.4031,256826.7,299249.7,9872761.3
NHTSA-2002-SI-0053,2002,Honda,CR-V,suv,side,1796.3,53.5,85.6,1.15,0.988,512.4,179.2,119.7,1450.88,40.55,0.2351,0.742,5,0.3349,165770.1,198358.8,27528350.8
NHTSA-2018-RO-0054,2018,Ford,F-150,truck,rollover,2730.7,43.2,31.2,1.62,0.952,461.1,160.3,128.9,733.23,39.47,0.0,0.0076,1,0.2372,168804.0,196610.4,13125043.6
NHTSA-2001-RO-0055,2001,Ford,Mustang Mach-E,ev,rollover,2408.4,46.9,41.3,1.36,0.867,353.9,177.7,110.8,567.24,30.98,0.0,0.0029,1,0.3971,176463.1,204380.4,15317465.5
NHTSA-2007-FR-0056,2007,Ram,1500,truck,frontal,2562.7,64.9,6.8,1.26,0.799,482.1,188.1,110.6,936.85,31.63,0.0872,0.0116,2,0.6507,367428.3,416439.7,15120963.7
NHTSA-2015-FR-0057,2015,Jeep,Grand Cherokee,suv,frontal,2119.9,53.4,8.2,1.18,0.909,450.3,163.5,111.5,561.98,28.56,0.0591,0.0044,1,0.4597,198813.0,233218.4,7911658.3
NHTSA-2006-FR-0058,2006,Chevrolet,Silverado,truck,frontal,2520.9,49.9,2.6,1.43,0.823,426.0,183.7,121.9,727.77,41.93,0.0514,0.0114,1,0.3459,197999.8,242170.8,16255144.6
NHTSA-2004-FR-0059,2004,GMC,Sierra,truck,frontal,2793.3,57.3,10.7,1.11,0.853,419.2,160.8,121.3,508.26,27.38,0.0993,0.0124,1,0.6568,308778.8,353827.7,8627259.9
NHTSA-2007-RO-0060,2007,Chevrolet,Malibu,sedan,rollover,1298.5,39.3,31.9,1.48,0.902,356.7,160.9,107.9,630.61,38.78,0.002,0.0067,1,0.1881,67314.0,77373.5,11939282.0
NHTSA-2024-SI-0061,2024,Jeep,Grand Cherokee,suv,side,1840.8,37.1,92.4,1.43,0.985,493.9,147.1,115.5,585.85,38.48,0.1651,0.1245,4,0.1559,85163.5,97750.6,21074487.9
NHTSA-2017-RO-0062,2017,Ford,F-150,truck,rollover,2666.2,30.7,33.3,1.44,0.823,441.3,163.0,127.7,338.78,32.13,0.0,0.0029,1,0.1411,82910.6,96947.0,16176687.6
NHTSA-2010-FR-0063,2010,Toyota,Tundra,truck,frontal,2540.8,47.9,10.4,1.57,0.955,444.0,161.2,124.2,810.23,39.24,0.0386,0.0086,2,0.3029,197207.6,224908.8,9864082.2
NHTSA-2022-SI-0064,2022,Hyundai,Ioniq 5,ev,side,2268.2,46.9,85.6,1.43,0.9,472.5,175.4,117.3,1006.89,38.16,0.2589,0.9097,5,0.2621,166199.6,192482.8,38490139.2
NHTSA-2009-RO-0065,2009,Tesla,Model 3,ev,rollover,2365.5,51.9,32.9,1.44,0.853,451.1,172.3,123.5,1142.64,45.41,0.0,0.02,3,0.3071,200476.4,245823.1,16739453.8
NHTSA-2012-FR-0066,2012,Chevrolet,Malibu,sedan,frontal,1553.6,47.7,13.5,1.16,0.847,499.6,147.3,111.3,739.23,35.52,0.0882,0.0118,1,0.2797,116669.1,136376.9,7014979.0
NHTSA-2018-SI-0067,2018,Toyota,Camry,sedan,side,1637.6,43.6,92.6,1.14,0.716,459.0,166.1,109.8,775.34,31.44,0.3453,0.9997,5,0.273,102687.6,120100.8,41028245.6
NHTSA-2010-FR-0068,2010,Ford,F-150,truck,frontal,2286.4,45.7,12.9,1.2,0.841,385.4,153.7,114.1,434.54,25.63,0.0658,0.0043,1,0.4012,165366.3,184225.4,8261643.4
NHTSA-2005-RO-0069,2005,Toyota,RAV4,suv,rollover,1916.3,30.1,37.8,1.12,1.019,359.4,164.6,113.9,281.59,24.46,0.0,0.0013,1,0.1927,59800.0,66982.5,7804127.3
NHTSA-2016-FR-0070,2016,Ford,Explorer,suv,frontal,2304.7,48.9,0.0,1.4,0.932,457.5,173.4,109.8,646.78,32.09,0.0324,0.004,1,0.3538,176365.8,212616.6,10105743.6
NHTSA-2018-FR-0071,2018,Chevrolet,Silverado,truck,frontal,2397.5,62.5,5.7,1.24,0.829,410.4,152.5,114.7,701.31,27.58,0.0857,0.0086,1,0.6735,330405.0,361313.1,8651464.2
NHTSA-2004-SI-0072,2004,Honda,Accord,sedan,side,1419.0,35.8,87.1,0.93,0.722,300.2,155.1,113.5,386.07,21.67,0.4107,1.0,5,0.2828,58888.0,70163.9,28805728.7
NHTSA-2021-SI-0073,2021,Tesla,Model Y,ev,side,1849.8,54.0,89.9,1.26,0.87,440.7,175.5,113.8,1304.77,39.0,0.2491,0.8538,5,0.3444,178634.0,208102.5,35727289.5
NHTSA-2021-SI-0074,2021,Ford,Explorer,suv,side,2003.3,39.0,90.7,1.09,1.003,421.5,165.6,110.9,452.54,21.99,0.2321,0.7031,5,0.2966,105038.7,117554.8,20003207.9
NHTSA-2011-SI-0075,2011,Hyundai,Sonata,sedan,side,1730.9,50.4,94.2,1.28,0.906,433.3,151.1,95.6,822.4,31.07,0.2909,0.9872,5,0.4032,142126.2,169628.2,20921513.5
NHTSA-2023-FR-0076,2023,Rivian,R1T,ev,frontal,2072.8,56.2,12.1,1.64,0.975,411.6,171.5,127.2,1204.4,44.56,0.0411,0.0215,3,0.3049,210671.1,252577.7,11596682.6
NHTSA-2008-FR-0077,2008,Chevrolet,Equinox,suv,frontal,1834.2,62.0,9.4,1.16,0.99,502.6,172.1,106.1,984.71,37.62,0.0583,0.0104,2,0.5108,231100.0,272016.4,7160941.1
NHTSA-2015-SI-0078,2015,Hyundai,Sonata,sedan,side,1290.2,45.0,88.6,1.02,0.879,339.0,143.6,114.9,674.59,27.53,0.3951,1.0,5,0.3449,90059.4,100796.9,17947342.6
NHTSA-2023-SI-0079,2023,Hyundai,Sonata,sedan,side,1565.5,42.6,92.0,1.41,0.876,469.5,143.7,107.2,767.72,34.37,0.2693,0.9494,5,0.2127,95532.2,109606.7,23617760.5
NHTSA-2023-FR-0080,2023,Chevrolet,Bolt,ev,frontal,1887.4,52.1,5.8,1.69,1.086,507.9,158.6,111.4,950.48,55.52,0.0239,0.0511,3,0.2246,167964.5,197653.5,7309848.7
NHTSA-2008-RO-0081,2008,Ford,Explorer,suv,rollover,1933.6,32.8,28.7,1.42,0.898,393.1,168.9,112.3,387.38,31.86,0.0,0.0029,1,0.1646,69718.7,80256.3,13326835.8
NHTSA-2024-RO-0082,2024,Tesla,Model Y,ev,rollover,2371.7,50.9,42.9,1.35,0.947,513.8,173.9,121.6,1052.89,42.61,0.0,0.0139,3,0.2938,199063.1,237061.1,12894962.4
NHTSA-2013-SI-0083,2013,Toyota,Camry,sedan,side,1671.0,43.4,86.2,1.17,0.833,451.8,149.3,105.0,746.62,29.36,0.279,0.972,5,0.2929,105722.0,121428.6,23485838.3
NHTSA-2009-SI-0084,2009,Ford,Mustang Mach-E,ev,side,2074.0,39.7,88.3,1.15,1.079,456.2,151.9,111.3,752.4,34.01,0.3003,0.9933,5,0.2315,106042.3,126111.5,14918243.0
NHTSA-2002-SI-0085,2002,Hyundai,Ioniq 5,ev,side,2193.3,59.0,92.7,1.31,0.999,403.1,173.9,116.5,1306.86,35.15,0.2894,0.986,5,0.4936,255032.4,294555.5,27980724.2
NHTSA-2016-RO-0086,2016,Ford,Mustang Mach-E,ev,rollover,1933.7,48.9,41.0,1.44,1.075,461.7,164.2,126.7,834.58,49.82,0.0,0.0254,3,0.2341,154833.0,178390.5,9590706.1
NHTSA-2008-SI-0087,2008,Honda,Accord,sedan,side,1512.1,53.7,87.8,1.0,0.873,460.0,146.2,107.0,1103.22,33.36,0.364,0.9999,5,0.4257,140615.2,168226.4,17696619.3
NHTSA-2001-SI-0088,2001,Tesla,Model 3,ev,side,1866.5,42.1,89.7,1.49,1.005,440.2,160.5,116.5,990.66,51.17,0.2316,0.7074,5,0.1842,109522.3,127631.3,25966041.1
NHTSA-2021-RO-0089,2021,Tesla,Model 3,ev,rollover,1853.2,30.2,35.2,1.41,0.912,538.1,160.0,129.1,301.44,49.24,0.0,0.0223,3,0.0768,56466.6,65208.0,12459453.9
NHTSA-2018-FR-0090,2018,Tesla,Model Y,ev,frontal,2245.2,51.3,5.7,1.37,0.887,442.9,151.7,120.6,897.46,36.21,0.0608,0.0088,2,0.3328,198919.5,227958.0,8521849.4
NHTSA-2013-FR-0091,2013,Toyota,RAV4,suv,frontal,2106.7,55.9,8.1,1.14,0.753,496.1,149.8,115.3,855.51,35.04,0.0676,0.0085,2,0.4286,206853.9,253975.2,9302196.4
NHTSA-2009-RO-0092,2009,Jeep,Grand Cherokee,suv,rollover,2039.3,54.4,31.3,1.37,0.937,424.6,165.1,115.2,955.2,34.7,0.0,0.0064,2,0.4241,205002.9,232832.7,11401652.9
NHTSA-2020-RO-0093,2020,Toyota,Camry,sedan,rollover,1277.0,39.2,34.4,1.05,0.803,423.3,146.0,114.3,580.37,31.7,0.0245,0.0035,1,0.2018,65057.2,75705.6,8946360.6
NHTSA-2024-RO-0094,2024,Toyota,RAV4,suv,rollover,1931.0,45.2,21.0,1.25,1.027,357.7,172.5,105.2,466.94,24.75,0.0,0.0015,1,0.3846,128208.9,152203.3,9058366.1
NHTSA-2016-SI-0095,2016,Hyundai,Ioniq 5,ev,side,2299.3,48.3,94.5,1.55,0.939,383.3,162.2,114.8,895.37,32.7,0.2064,0.4239,4,0.3283,181883.5,206945.0,31355973.4
NHTSA-2015-SI-0096,2015,Honda,Accord,sedan,side,1407.9,36.6,88.2,1.42,0.857,421.7,143.7,95.8,591.77,33.16,0.2653,0.9362,5,0.1726,62056.9,72761.1,22997373.6
NHTSA-2011-RO-0097,2011,Chevrolet,Equinox,suv,rollover,1793.5,44.1,42.9,1.32,0.804,352.0,161.1,119.9,663.98,32.31,0.0,0.0035,1,0.2883,113397.3,134568.5,14499049.3
NHTSA-2018-RO-0098,2018,Ford,Explorer,suv,rollover,2276.7,39.5,44.5,1.55,0.845,417.4,177.8,121.2,558.14,31.33,0.0,0.0029,1,0.2212,119550.5,137045.6,19470911.8
NHTSA-2001-RO-0099,2001,Hyundai,Ioniq 5,ev,rollover,2034.9,52.7,40.3,1.48,0.958,360.8,157.0,112.0,945.13,36.86,0.0,0.0074,2,0.375,184004.4,218036.6,10249508.7
NHTSA-2023-RO-0100,2023,Hyundai,Sonata,sedan,rollover,1729.2,51.5,22.6,1.27,0.95,449.5,164.6,105.1,785.81,29.58,0.0091,0.0034,1,0.3894,154036.7,176939.5,9616194.5
NHTSA-2009-FR-0101,2009,Chevrolet,Equinox,suv,frontal,2216.9,45.9,14.4,1.29,1.0,354.5,165.6,111.6,415.47,23.08,0.0419,0.0022,1,0.4285,156920.9,180192.4,7352142.9
NHTSA-2013-FR-0102,2013,Chevrolet,Malibu,sedan,frontal,1560.2,50.2,5.3,1.36,0.961,424.4,148.1,104.5,787.75,36.03,0.0663,0.0084,1,0.3276,128170.9,151688.5,6165931.8
NHTSA-2001-RO-0103,2001,Chevrolet,Bolt,ev,rollover,2281.3,31.3,35.0,1.67,0.89,381.1,153.7,126.9,369.35,43.69,0.0,0.0113,1,0.1196,74187.5,86225.6,13874242.7
NHTSA-2004-FR-0104,2004,Chevrolet,Bolt,ev,frontal,2341.1,51.0,5.7,1.26,1.04,505.6,156.0,116.8,866.12,37.91,0.0636,0.0098,2,0.333,199529.2,234922.9,5961285.9
NHTSA-2009-SI-0105,2009,Rivian,R1T,ev,side,2209.8,53.7,92.7,1.7,1.006,460.8,169.1,119.1,1462.71,51.48,0.2145,0.5365,5,0.28,208313.6,245847.9,33781532.1
NHTSA-2003-SI-0106,2003,Hyundai,Tucson,suv,side,1891.4,38.9,85.3,1.06,0.766,401.5,167.8,121.4,534.55,29.38,0.2683,0.9461,5,0.2585,93781.5,110420.0,36608164.7
NHTSA-2009-RO-0107,2009,Chevrolet,Bolt,ev,rollover,2447.2,31.8,20.3,1.27,0.943,427.7,167.7,117.5,363.13,29.71,0.0002,0.0023,1,0.1653,81910.5,95474.8,10993479.0
NHTSA-2002-FR-0108,2002,Ford,Mustang Mach-E,ev,frontal,2118.7,52.6,6.6,1.43,0.91,452.3,176.7,128.4,1044.31,47.59,0.0578,0.024,3,0.2959,198284.9,226154.9,12576669.3
NHTSA-2010-SI-0109,2010,Toyota,RAV4,suv,side,1972.2,37.5,91.7,1.46,0.878,431.2,164.4,109.8,598.01,35.8,0.1876,0.2521,4,0.2013,95068.4,106998.7,33887463.9
NHTSA-2018-RO-0110,2018,Ford,Mustang Mach-E,ev,rollover,1897.8,50.4,44.5,1.44,0.885,485.3,178.4,119.0,1081.19,42.77,0.0,0.0147,3,0.2464,163393.1,185984.4,16451106.6
NHTSA-2013-FR-0111,2013,Ford,Mustang Mach-E,ev,frontal,2330.4,56.4,7.1,1.46,0.989,367.6,160.7,113.0,710.28,31.79,0.0634,0.006,1,0.4815,244939.7,285991.9,7968194.7
NHTSA-2021-FR-0112,2021,Chevrolet,Equinox,suv,frontal,1767.7,57.9,14.8,1.06,0.855,461.2,165.6,112.5,873.46,28.49,0.0711,0.0071,2,0.4833,196616.2,228628.7,8347666.3
NHTSA-2022-RO-0113,2022,Ford,F-150,truck,rollover,2464.7,37.8,25.3,1.15,0.798,441.4,170.7,128.9,461.12,27.11,0.0044,0.0019,1,0.2376,116329.3,135866.6,15482163.3
NHTSA-2004-FR-0114,2004,Ford,Fusion,sedan,frontal,1674.4,54.0,6.2,1.18,0.739,351.1,161.1,106.5,590.86,25.47,0.1268,0.0314,1,0.5106,158237.6,188370.0,11209161.7
NHTSA-2006-SI-0115,2006,Tesla,Model Y,ev,side,1945.0,43.5,86.3,1.13,0.924,386.0,162.8,122.0,823.29,33.14,0.3012,0.9937,5,0.2834,121213.7,141991.8,25048061.1
NHTSA-2005-FR-0116,2005,Ram,1500,truck,frontal,2603.7,46.3,7.4,1.43,0.714,447.0,153.8,121.2,676.87,35.98,0.0518,0.0066,1,0.3157,189410.0,215336.6,14204568.1
NHTSA-2007-RO-0117,2007,Toyota,Tundra,truck,rollover,2387.9,52.0,22.0,1.6,0.854,492.0,163.3,122.5,1165.76,44.17,0.0,0.0187,3,0.2914,212413.7,249108.1,16228899.1
NHTSA-2010-FR-0118,2010,Toyota,Tundra,truck,frontal,2148.7,50.8,2.6,1.53,0.909,414.1,171.6,114.1,879.68,38.38,0.0334,0.0083,2,0.3287,180641.2,213928.3,11592729.5
NHTSA-2010-RO-0119,2010,Jeep,Grand Cherokee,suv,rollover,2345.5,47.1,24.2,1.44,0.932,410.9,178.2,107.3,585.86,29.17,0.0,0.0025,1,0.3774,170922.6,200743.9,13813841.2
NHTSA-2016-RO-0120,2016,Chevrolet,Malibu,sedan,rollover,1530.6,33.2,32.0,1.45,0.782,361.1,145.6,101.6,409.68,30.35,0.0,0.0025,1,0.1613,53876.3,65088.3,11818404.4
NHTSA-2015-RO-0121,2015,GMC,Sierra,truck,rollover,2654.3,32.9,28.4,1.31,0.704,387.6,184.8,125.4,341.67,27.29,0.0,0.0018,1,0.2012,95670.5,110842.6,26681970.2
NHTSA-2015-RO-0122,2015,Hyundai,Tucson,suv,rollover,2109.6,49.0,44.0,1.07,0.872,354.0,154.9,118.2,420.94,22.27,0.0,0.0012,1,0.5023,166879.1,195414.7,9075915.6
NHTSA-2024-FR-0123,2024,Honda,CR-V,suv,frontal,2017.8,55.8,14.2,1.16,0.827,494.7,178.0,107.2,725.6,30.45,0.058,0.0052,1,0.4496,203557.9,242388.2,11190514.0
NHTSA-2018-SI-0124,2018,Ford,F-150,truck,side,2018.5,50.8,89.8,1.37,0.833,428.0,154.4,129.2,1094.25,38.84,0.2502,0.86,5,0.2952,169730.3,200965.3,34261047.7
NHTSA-2017-FR-0125,2017,Ram,1500,truck,frontal,2185.9,60.4,7.2,1.75,0.77,546.9,171.6,129.5,1344.68,58.49,0.0332,0.0843,4,0.2742,257727.9,307658.7,20076703.0
NHTSA-2014-RO-0126,2014,Toyota,Tundra,truck,rollover,2256.4,33.9,23.1,1.13,0.94,469.0,169.5,118.2,388.48,26.77,0.0014,0.0017,1,0.1876,85745.9,100041.6,10162041.7
NHTSA-2020-SI-0127,2020,Toyota,Tundra,truck,side,2336.6,51.3,89.1,1.21,0.884,517.2,153.2,111.2,981.2,31.76,0.2504,0.8609,5,0.3811,204787.6,237237.9,23809326.7
NHTSA-2014-SI-0128,2014,Hyundai,Sonata,sedan,side,1494.2,47.3,90.4,1.19,0.741,326.6,168.3,102.6,648.79,22.99,0.3193,0.9983,5,0.4048,109878.8,128972.2,39397694.7
NHTSA-2014-RO-0129,2014,Honda,Accord,sedan,rollover,1482.6,54.1,34.0,0.93,0.865,323.5,141.8,112.9,490.78,21.93,0.031,0.0018,1,0.5966,142327.4,167410.8,6344245.5
NHTSA-2006-RO-0130,2006,Hyundai,Ioniq 5,ev,rollover,2494.7,51.5,40.8,1.12,1.037,386.5,159.9,125.0,567.5,27.64,0.0102,0.0022,1,0.5037,228542.0,255268.8,7513623.2
NHTSA-2006-RO-0131,2006,Ford,F-150,truck,rollover,2328.7,52.6,26.5,1.65,0.863,474.0,185.3,112.6,1270.51,49.06,0.0,0.0326,3,0.3059,204302.5,248570.8,20821519.9
NHTSA-2020-RO-0132,2020,Chevrolet,Bolt,ev,rollover,2333.3,51.4,28.4,1.31,0.997,404.2,170.9,117.1,746.05,32.51,0.0,0.0039,1,0.4052,206812.6,237827.4,10571160.5
NHTSA-2022-FR-0133,2022,GMC,Sierra,truck,frontal,2555.1,46.0,5.0,1.71,0.775,443.5,153.9,128.8,639.36,40.93,0.0291,0.009,1,0.2483,182537.4,208587.6,14995974.8
NHTSA-2017-SI-0134,2017,Ford,Fusion,sedan,side,1445.3,59.9,92.2,1.2,0.877,330.8,142.2,111.9,1020.8,26.76,0.3443,0.9997,5,0.5568,171645.7,200067.5,20267568.3
NHTSA-2005-RO-0135,2005,Rivian,R1T,ev,rollover,2271.9,41.7,28.9,1.25,0.856,388.0,156.3,113.4,582.11,29.67,0.0,0.0026,1,0.2893,128885.7,152414.5,10874659.4
NHTSA-2014-SI-0136,2014,Ford,Fusion,sedan,side,1639.1,42.5,90.8,1.1,0.967,469.8,159.5,112.1,695.62,29.62,0.3416,0.9997,5,0.2705,100099.7,114221.6,20031024.2
NHTSA-2013-FR-0137,2013,Jeep,Grand Cherokee,suv,frontal,1788.4,63.7,3.9,1.06,0.964,465.8,154.3,106.6,757.31,28.65,0.0797,0.0078,1,0.6205,245803.7,279968.1,5364601.6
NHTSA-2005-FR-0138,2005,Ford,Explorer,suv,frontal,1788.6,52.9,5.8,1.36,1.046,476.3,157.5,106.1,954.64,39.02,0.0275,0.0094,2,0.3388,162855.3,193103.2,6076063.9
NHTSA-2017-RO-0139,2017,Ford,Fusion,sedan,rollover,1696.9,43.6,20.5,1.24,0.973,324.7,140.5,95.5,373.43,21.26,0.0047,0.0011,1,0.4155,105842.0,124449.8,5783585.2
NHTSA-2011-SI-0140,2011,Ford,F-150,truck,side,2308.5,35.7,85.4,1.28,0.793,457.2,164.4,122.8,512.21,36.72,0.2575,0.9021,5,0.1836,97107.4,113509.3,39470491.9
NHTSA-2024-SI-0141,2024,Ford,F-150,truck,side,2289.8,40.0,87.7,1.2,0.744,421.4,150.1,115.1,556.12,26.88,0.2476,0.8406,5,0.2685,118781.1,141345.7,32566978.9
NHTSA-2016-FR-0142,2016,Honda,Accord,sedan,frontal,1309.8,51.4,3.4,1.03,0.704,334.9,148.3,104.6,541.27,22.72,0.1329,0.0385,1,0.4639,116781.3,133504.6,8799139.6
NHTSA-2014-FR-0143,2014,Jeep,Grand Cherokee,suv,frontal,2135.5,62.4,11.0,1.09,0.889,350.1,166.6,106.4,423.43,22.74,0.1114,0.0178,1,0.8456,275830.4,320799.6,7753273.2
NHTSA-2004-RO-0144,2004,Tesla,Model Y,ev,rollover,2199.1,42.5,23.5,1.49,1.072,354.3,178.1,115.8,711.26,36.23,0.0,0.0054,1,0.2607,126148.9,153245.5,11335418.4
NHTSA-2002-FR-0145,2002,Hyundai,Sonata,sedan,frontal,1422.5,51.9,8.7,1.42,0.902,433.7,146.9,106.4,1112.89,44.55,0.0567,0.0197,3,0.2958,125336.3,147826.4,7249909.8
NHTSA-2011-RO-0146,2011,Jeep,Grand Cherokee,suv,rollover,1811.0,35.6,35.7,1.52,0.989,395.2,174.6,105.8,455.22,35.9,0.0,0.0046,1,0.1704,72956.3,88549.0,12204092.5
NHTSA-2013-RO-0147,2013,Hyundai,Tucson,suv,rollover,1769.4,44.4,44.3,1.09,0.773,357.1,152.1,111.7,535.49,22.26,0.0,0.0014,1,0.3653,115131.8,134572.7,10835814.0
NHTSA-2015-RO-0148,2015,Ram,1500,truck,rollover,2695.5,38.3,29.5,1.1,0.884,454.3,158.3,121.3,437.89,24.26,0.0036,0.0015,1,0.2807,127959.8,152546.4,9717007.8
NHTSA-2009-RO-0149,2009,Chevrolet,Silverado,truck,rollover,2311.7,47.3,42.1,1.46,0.901,506.7,153.4,112.5,945.55,41.43,0.0,0.011,2,0.2779,173410.9,199534.8,10865327.0
NHTSA-2023-FR-0150,2023,Rivian,R1T,ev,frontal,2333.3,63.2,7.8,1.43,0.959,353.3,178.3,122.5,817.14,32.53,0.0686,0.0074,2,0.5695,302819.0,359558.6,11198179.9
NHTSA-2020-FR-0151,2020,Ford,Mustang Mach-E,ev,frontal,2339.8,47.5,8.7,1.58,1.056,371.3,154.7,127.9,743.43,36.74,0.0432,0.0068,1,0.2867,171483.0,203671.8,7534749.9
NHTSA-2002-FR-0152,2002,Ford,Explorer,suv,frontal,1929.3,62.4,9.6,1.49,0.891,507.7,154.5,114.6,1436.5,44.99,0.0385,0.0368,3,0.4162,260919.5,289823.7,9222133.1
NHTSA-2017-FR-0153,2017,Chevrolet,Bolt,ev,frontal,2469.9,59.6,8.7,1.56,0.894,441.5,154.7,128.5,1075.62,43.5,0.0595,0.0176,3,0.3995,293681.9,338483.0,10419166.4
NHTSA-2005-FR-0154,2005,Jeep,Grand Cherokee,suv,frontal,2197.8,47.4,4.0,1.1,1.02,352.3,153.1,123.9,381.5,22.98,0.0758,0.0054,1,0.4777,166118.8,190506.5,5418636.5
NHTSA-2023-SI-0155,2023,Chevrolet,Equinox,suv,side,2298.2,45.3,90.8,1.09,0.927,394.3,146.0,115.9,537.29,22.38,0.2502,0.8592,5,0.4333,156246.1,181948.8,18000931.6
NHTSA-2001-SI-0156,2001,Tesla,Model 3,ev,side,2356.6,46.6,94.4,1.66,1.092,481.1,151.3,123.8,1141.05,48.21,0.2098,0.4718,4,0.2281,176610.3,197434.3,22218281.9
NHTSA-2019-SI-0157,2019,Chevrolet,Silverado,truck,side,2672.8,51.7,94.6,1.56,0.941,438.9,158.1,128.7,1177.75,36.42,0.2214,0.5914,5,0.3498,234867.9,275621.2,32076484.5
NHTSA-2007-RO-0158,2007,Toyota,Camry,sedan,rollover,1507.9,32.4,44.5,1.49,0.756,382.5,141.5,98.8,378.54,36.27,0.0,0.0047,1,0.1484,52310.1,61070.0,11909570.0
NHTSA-2000-SI-0159,2000,Tesla,Model 3,ev,side,1865.9,37.0,92.1,1.46,1.091,507.4,159.0,115.0,647.07,51.67,0.2418,0.8009,5,0.133,86367.5,98550.0,20945498.6
NHTSA-2011-SI-0160,2011,Ford,Explorer,suv,side,1968.2,58.5,94.6,1.14,1.01,462.7,179.9,120.9,1276.97,36.15,0.238,0.7649,5,0.4785,221079.9,259863.9,26535777.9
NHTSA-2022-RO-0161,2022,Jeep,Grand Cherokee,suv,rollover,2088.0,41.2,34.7,1.33,0.855,351.5,146.0,112.4,464.32,23.95,0.0,0.0014,1,0.3061,113537.1,136738.2,9817254.7
NHTSA-2018-FR-0162,2018,Honda,Accord,sedan,frontal,1627.2,49.5,14.6,1.04,0.774,326.1,154.7,107.1,361.69,23.2,0.1364,0.0435,1,0.5047,127717.9,153821.2,8244031.8
NHTSA-2004-RO-0163,2004,Nissan,Altima,sedan,rollover,1392.3,45.2,32.9,0.91,0.874,406.3,154.6,95.6,490.64,24.62,0.0227,0.0019,1,0.4002,94319.5,109742.5,6645353.9
NHTSA-2018-RO-0164,2018,Hyundai,Tucson,suv,rollover,1880.5,52.5,38.8,1.27,1.016,365.8,146.6,115.1,725.04,28.9,0.0,0.0029,1,0.443,170289.7,199966.4,6824733.3
NHTSA-2021-SI-0165,2021,Hyundai,Ioniq 5,ev,side,2124.3,50.1,85.5,1.19,1.033,433.2,160.8,128.5,954.26,37.07,0.3131,0.9973,5,0.3174,168967.1,205710.4,21247948.3
NHTSA-2020-FR-0166,2020,Rivian,R1T,ev,frontal,1853.0,56.8,8.4,1.41,1.013,483.9,166.4,121.4,1196.69,45.08,0.0523,0.0227,3,0.3033,201312.6,230641.3,8370024.9
NHTSA-2013-FR-0167,2013,Toyota,RAV4,suv,frontal,1820.1,63.1,6.6,1.19,0.802,377.3,166.5,108.6,648.48,27.25,0.0862,0.0085,1,0.6416,243567.1,279588.3,10507091.1
NHTSA-2024-RO-0168,2024,Toyota,RAV4,suv,rollover,2318.5,36.9,34.3,1.07,1.046,452.3,145.5,112.4,331.64,23.49,0.0,0.0012,1,0.2731,102310.1,121793.7,5265318.6
NHTSA-2015-RO-0169,2015,Tesla,Model 3,ev,rollover,2468.5,39.3,20.5,1.43,0.881,389.0,175.8,123.6,551.55,31.75,0.0,0.0031,1,0.2336,127784.5,147090.0,16346187.9
NHTSA-2000-RO-0170,2000,Chevrolet,Malibu,sedan,rollover,1675.0,34.9,27.5,1.46,0.924,410.0,155.8,95.2,456.75,29.86,0.0,0.0024,1,0.1955,70017.0,78710.1,9572305.1
NHTSA-2018-RO-0171,2018,Chevrolet,Silverado,truck,rollover,2186.1,49.8,41.1,1.39,0.819,476.3,177.3,126.1,1038.06,40.86,0.0,0.0118,3,0.2822,178270.3,209167.3,19028627.0
NHTSA-2020-RO-0172,2020,Chevrolet,Malibu,sedan,rollover,1735.2,34.9,42.4,1.3,0.969,355.6,141.2,114.6,399.06,29.95,0.0134,0.0025,1,0.2117,70638.4,81539.0,7014328.3
NHTSA-2020-SI-0173,2020,Ford,F-150,truck,side,2292.0,53.4,94.6,1.56,0.865,430.8,150.2,129.1,1190.71,39.27,0.2108,0.4763,4,0.3201,211515.0,252151.8,33799903.1
NHTSA-2004-RO-0174,2004,Hyundai,Tucson,suv,rollover,2346.2,30.6,28.6,1.55,1.023,345.6,175.0,118.1,302.17,27.6,0.0,0.0018,1,0.1721,73302.3,84756.5,12575027.6
NHTSA-2008-SI-0175,2008,Ford,Explorer,suv,side,2120.3,53.4,86.2,1.27,0.756,468.2,152.4,116.0,1096.47,33.16,0.2171,0.5424,5,0.3998,202302.0,233262.4,34719659.8
NHTSA-2013-RO-0176,2013,Toyota,Camry,sedan,rollover,1505.7,38.4,36.1,1.31,0.76,484.0,150.8,114.5,539.09,42.84,0.0116,0.0105,1,0.1605,73120.7,85657.6,13372783.1
NHTSA-2007-RO-0177,2007,Chevrolet,Equinox,suv,rollover,2337.1,38.2,44.5,1.37,0.846,383.3,149.5,121.4,449.04,30.26,0.0,0.0025,1,0.2449,108357.7,131573.7,11516270.4
NHTSA-2012-SI-0178,2012,GMC,Sierra,truck,side,2013.7,58.3,89.8,1.43,0.784,382.5,164.4,115.6,1390.71,34.05,0.2116,0.4887,4,0.4471,225527.1,264056.5,43137606.1
NHTSA-2014-RO-0179,2014,Toyota,Camry,sedan,rollover,1745.6,42.0,27.3,1.25,0.998,354.1,148.5,113.2,520.79,25.59,0.0126,0.0019,1,0.3167,102446.1,118797.8,7092272.4
NHTSA-2018-FR-0180,2018,Chevrolet,Equinox,suv,frontal,1873.5,47.9,0.3,1.41,1.005,414.4,149.0,113.2,673.42,33.6,0.0292,0.0045,1,0.3013,138635.3,165840.2,6260448.5
NHTSA-2006-RO-0181,2006,Ford,Explorer,suv,rollover,2247.2,49.1,31.5,1.02,0.952,486.3,172.1,106.6,581.29,26.35,0.0,0.0019,1,0.4566,175163.0,209011.3,8668758.5
NHTSA-2008-SI-0182,2008,Ford,Mustang Mach-E,ev,side,2203.3,56.8,88.4,1.41,1.024,433.2,164.3,125.7,1463.76,39.5,0.2828,0.9787,5,0.3816,239194.2,274242.8,26400277.3
NHTSA-2024-RO-0183,2024,Ford,Mustang Mach-E,ev,rollover,1847.4,30.0,37.0,1.54,0.916,468.4,165.6,124.5,291.03,47.26,0.0,0.0174,3,0.0809,54765.5,64145.8,14203999.0
NHTSA-2001-RO-0184,2001,Honda,Accord,sedan,rollover,1547.5,42.1,42.0,1.4,0.91,492.8,163.0,96.0,756.62,41.51,0.0,0.0096,1,0.2203,92301.9,105818.1,10608977.8
NHTSA-2010-SI-0185,2010,Toyota,RAV4,suv,side,1854.1,45.4,93.3,1.39,0.896,466.3,178.1,118.9,1052.55,40.68,0.2209,0.5863,5,0.2399,127526.5,147438.1,39518413.8
NHTSA-2023-FR-0186,2023,Chevrolet,Malibu,sedan,frontal,1276.0,45.5,6.9,1.11,0.923,372.3,141.6,108.3,585.33,28.74,0.0949,0.0111,1,0.3033,87855.7,101915.1,5065096.3
NHTSA-2021-SI-0187,2021,Toyota,Tundra,truck,side,2142.1,41.9,94.6,1.68,0.909,403.6,169.2,126.2,778.04,36.47,0.1991,0.3513,4,0.1981,124396.2,145088.4,42640262.6
NHTSA-2016-SI-0188,2016,Rivian,R1T,ev,side,2269.9,45.6,92.4,1.29,0.969,397.0,177.8,121.5,793.33,30.29,0.2464,0.8324,5,0.3037,152137.0,182096.4,31753329.3
NHTSA-2008-FR-0189,2008,Ram,1500,truck,frontal,2094.4,53.0,8.1,1.33,0.865,478.8,176.1,124.9,1060.64,43.91,0.0566,0.0176,3,0.3098,187077.9,226974.1,12624373.0
NHTSA-2023-FR-0190,2023,Hyundai,Sonata,sedan,frontal,1708.2,55.2,9.8,1.5,0.871,336.4,152.6,97.7,583.33,23.72,0.0848,0.0075,1,0.5243,178106.3,200808.4,8461390.6
NHTSA-2011-SI-0191,2011,Tesla,Model Y,ev,side,2353.6,52.8,90.1,1.26,0.918,352.6,161.0,111.8,560.44,27.07,0.2518,0.8698,5,0.5304,225575.8,253142.8,25890336.8
NHTSA-2012-RO-0192,2012,Hyundai,Tucson,suv,rollover,2349.2,50.9,24.3,1.23,1.032,350.9,165.4,114.9,450.92,21.8,0.0,0.0012,1,0.5523,201379.5,234812.1,8483238.5
NHTSA-2001-FR-0193,2001,Ram,1500,truck,frontal,2489.4,56.5,13.5,1.55,0.782,445.6,163.3,114.6,1011.82,41.21,0.0472,0.0129,2,0.4159,260218.5,306589.0,14159677.2
NHTSA-2022-RO-0194,2022,Ram,1500,truck,rollover,2001.4,43.3,24.9,1.57,0.957,534.4,151.4,125.8,714.72,49.12,0.0,0.0227,3,0.1682,128473.9,144768.7,10848796.7
NHTSA-2024-FR-0195,2024,Toyota,Camry,sedan,frontal,1493.1,60.7,14.9,1.24,0.879,491.1,163.1,95.6,987.0,32.76,0.0817,0.0113,2,0.4569,179781.8,212242.0,7974539.2
NHTSA-2012-SI-0196,2012,GMC,Sierra,truck,side,2464.8,38.2,88.3,1.56,0.747,519.8,160.9,123.5,684.75,47.1,0.2047,0.4135,4,0.1612,118150.7,138762.9,51483153.6
NHTSA-2015-SI-0197,2015,Chevrolet,Bolt,ev,side,2435.7,54.5,90.9,1.55,0.899,425.1,171.4,124.6,1254.09,37.6,0.2282,0.667,5,0.3691,249636.9,279114.1,41187701.4
NHTSA-2001-SI-0198,2001,GMC,Sierra,truck,side,2206.1,35.3,86.7,1.49,0.964,447.2,187.1,118.3,603.88,42.67,0.215,0.5198,5,0.1555,88507.7,106057.1,40894060.7
NHTSA-2000-SI-0199,2000,Ford,F-150,truck,side,2151.5,42.5,93.5,1.14,0.704,463.8,172.1,128.3,892.75,36.1,0.2956,0.9907,5,0.2501,128728.7,149928.5,51291921.4
NHTSA-2011-FR-0200,2011,Tesla,Model 3,ev,frontal,2425.2,58.3,9.6,1.69,0.885,386.4,172.1,111.4,938.51,37.92,0.0436,0.009,2,0.4413,269922.5,318016.5,13343249.1
NHTSA-2022-RO-0201,2022,Ram,1500,truck,rollover,2397.6,39.7,40.5,1.62,0.88,444.3,182.0,119.3,568.16,33.21,0.0,0.0036,1,0.2065,130590.5,145788.3,19588083.9
NHTSA-2015-FR-0202,2015,Ford,Fusion,sedan,frontal,1720.2,51.1,5.6,1.44,0.827,495.8,155.4,98.2,786.48,37.84,0.0629,0.0091,1,0.3257,149926.2,173294.9,9451062.4
NHTSA-2005-SI-0203,2005,Honda,CR-V,suv,side,2006.3,49.1,86.2,1.51,0.915,489.2,177.1,122.6,1059.75,48.9,0.2157,0.5349,5,0.2492,155823.2,186605.3,41384889.8
NHTSA-2003-FR-0204,2003,Hyundai,Sonata,sedan,frontal,1597.5,47.4,13.4,1.23,0.904,324.8,142.5,112.8,513.97,24.39,0.0946,0.0102,1,0.3997,119734.7,138472.2,6094552.1
NHTSA-2002-SI-0205,2002,Jeep,Grand Cherokee,suv,side,1961.6,39.0,93.1,1.45,0.951,355.1,156.5,121.6,611.85,33.82,0.2044,0.4026,4,0.2285,98120.2,115107.8,27441966.5
NHTSA-2006-RO-0206,2006,Tesla,Model Y,ev,rollover,2125.4,54.1,39.6,1.26,0.946,415.3,179.0,117.9,1103.58,37.35,0.0008,0.0104,2,0.38,192720.1,239993.9,12661718.0
NHTSA-2011-SI-0207,2011,Ford,Mustang Mach-E,ev,side,2124.0,52.6,91.9,1.13,1.03,448.7,156.2,115.0,1013.57,33.49,0.2899,0.9863,5,0.4042,193283.6,226720.6,17569364.6
NHTSA-2015-FR-0208,2015,Ford,F-150,truck,frontal,2405.7,46.1,2.9,1.61,0.854,382.9,189.0,127.1,605.95,34.53,0.0352,0.0049,1,0.2915,172836.3,197246.1,18632076.4
NHTSA-2024-SI-0209,2024,Toyota,Camry,sedan,side,1604.2,54.9,93.6,0.91,0.999,335.4,143.3,105.8,420.78,18.23,0.4023,1.0,5,0.6888,156187.4,186538.4,11669605.8
NHTSA-2014-FR-0210,2014,Chevrolet,Malibu,sedan,frontal,1359.0,50.3,9.1,0.9,0.771,438.4,149.1,112.5,755.74,29.48,0.1508,0.0747,1,0.3829,114318.7,132654.0,6846106.5
NHTSA-2024-SI-0211,2024,Honda,CR-V,suv,side,2115.3,35.5,89.3,1.38,0.941,519.3,173.9,121.9,516.28,37.27,0.2139,0.5055,4,0.1536,89945.4,102847.5,34214577.3
NHTSA-2012-RO-0212,2012,Ford,F-150,truck,rollover,2296.1,47.0,24.6,1.14,0.967,370.7,176.1,112.3,528.31,24.07,0.0,0.0015,1,0.4402,162399.0,195682.3,10236351.3
NHTSA-2014-FR-0213,2014,Ford,F-150,truck,frontal,2707.0,59.3,10.0,1.54,0.785,430.9,153.7,125.7,828.48,34.55,0.0696,0.0084,2,0.482,323745.5,367250.7,12940199.0
NHTSA-2005-RO-0214,2005,Rivian,R1T,ev,rollover,2156.3,46.9,41.7,1.52,0.956,409.5,157.2,122.3,852.77,39.35,0.0,0.0082,2,0.2694,163817.1,182986.8,11265226.2
NHTSA-2024-FR-0215,2024,Nissan,Altima,sedan,frontal,1707.1,61.3,14.0,1.32,0.841,444.9,158.3,95.9,880.07,27.46,0.0899,0.0108,2,0.542,212174.7,247482.7,8640137.8
NHTSA-2023-SI-0216,2023,Toyota,Camry,sedan,side,1506.6,50.0,92.6,1.16,0.958,499.1,169.9,107.6,983.73,32.72,0.3359,0.9995,5,0.3087,124110.4,145312.5,24257998.6
NHTSA-2023-RO-0217,2023,Ford,Fusion,sedan,rollover,1666.3,33.7,24.8,1.46,0.968,420.8,144.9,104.4,397.04,32.82,0.0011,0.0032,1,0.1592,63357.5,73009.3,7822343.5
NHTSA-2013-RO-0218,2013,Chevrolet,Silverado,truck,rollover,2156.4,52.8,39.2,1.69,0.808,372.4,152.9,121.6,1054.55,39.88,0.0,0.0112,2,0.3367,198511.1,231932.8,16315814.8
NHTSA-2003-SI-0219,2003,GMC,Sierra,truck,side,2146.4,37.2,92.9,1.55,0.766,381.8,169.1,129.2,683.02,43.26,0.2344,0.7297,5,0.1724,96903.3,114593.9,56383992.8
NHTSA-2003-RO-0220,2003,Ford,Explorer,suv,rollover,2143.2,40.4,44.5,1.04,0.908,400.7,158.4,111.1,425.15,26.54,0.0,0.0017,1,0.3435,112743.1,134955.5,8215541.6
NHTSA-2005-FR-0221,2005,Toyota,Camry,sedan,frontal,1590.2,64.2,4.7,1.08,0.999,367.4,160.4,111.8,705.37,25.69,0.1492,0.0697,1,0.713,223256.8,252863.9,5754545.7
NHTSA-2000-FR-0222,2000,Ford,Fusion,sedan,frontal,1460.3,57.3,6.3,1.45,0.707,352.6,153.1,113.6,1141.46,40.48,0.1042,0.0261,3,0.4061,161522.5,184976.4,13880875.4
NHTSA-2013-SI-0223,2013,Toyota,RAV4,suv,side,2340.6,41.3,90.4,1.02,0.823,425.4,177.9,115.3,471.0,23.24,0.2877,0.984,5,0.3531,126732.7,154025.4,33817246.1
NHTSA-2014-SI-0224,2014,Honda,Accord,sedan,side,1546.1,41.1,94.9,1.1,0.738,330.8,160.8,108.6,522.09,22.42,0.3246,0.9988,5,0.3327,87580.2,100759.6,34303228.2
NHTSA-2002-RO-0225,2002,Nissan,Altima,sedan,rollover,1623.0,38.9,31.6,1.18,0.734,481.2,142.0,108.8,568.35,31.81,0.0154,0.0033,1,0.2119,83802.8,94750.8,10864875.5
NHTSA-2003-SI-0226,2003,Ford,Explorer,suv,side,2157.6,38.2,90.1,1.38,0.938,389.9,150.7,121.3,608.96,30.52,0.2031,0.3883,4,0.2335,104717.3,121468.2,24588368.4
NHTSA-2003-SI-0227,2003,Toyota,RAV4,suv,side,1977.8,36.4,88.0,1.57,0.861,431.5,158.1,112.3,693.38,39.99,0.1782,0.1913,4,0.1741,89896.1,101099.8,35026233.3
NHTSA-2012-SI-0228,2012,Ram,1500,truck,side,2186.6,35.9,94.2,1.58,0.827,522.5,182.5,121.4,575.06,48.69,0.1867,0.2582,4,0.1298,93636.4,108723.5,56435455.1
NHTSA-2000-RO-0229,2000,Ford,Fusion,sedan,rollover,1270.8,51.9,36.3,1.1,0.976,335.2,144.5,99.2,868.27,28.66,0.0141,0.0039,2,0.4523,110514.4,132061.7,5607273.0
NHTSA-2023-FR-0230,2023,Chevrolet,Malibu,sedan,frontal,1729.0,50.5,13.7,1.43,0.943,471.9,165.3,114.6,869.04,37.54,0.0659,0.0098,2,0.2886,143514.1,170115.1,9266061.2
NHTSA-2019-SI-0231,2019,Hyundai,Ioniq 5,ev,side,2404.2,36.2,93.5,1.28,0.9,356.7,161.8,127.4,480.65,26.17,0.2853,0.9813,5,0.2282,105354.8,121549.4,30303960.1
NHTSA-2016-SI-0232,2016,Ram,1500,truck,side,2371.0,40.5,94.0,1.51,0.882,361.4,160.3,128.9,687.3,30.48,0.2305,0.6875,5,0.2446,128222.2,150039.8,36566886.6
NHTSA-2007-RO-0233,2007,Tesla,Model Y,ev,rollover,2265.6,42.9,34.4,1.33,0.899,382.7,154.3,116.7,731.56,36.38,0.0,0.0055,1,0.2762,131903.3,160865.5,10368255.6
NHTSA-2016-SI-0234,2016,Ford,Mustang Mach-E,ev,side,2239.3,37.4,90.4,1.17,0.978,441.9,150.7,118.7,566.11,32.41,0.2857,0.9818,5,0.2097,100995.6,120842.7,18966851.5
NHTSA-2021-FR-0235,2021,Chevrolet,Malibu,sedan,frontal,1619.5,57.3,12.0,1.48,0.833,405.0,150.9,95.7,832.68,30.93,0.071,0.0074,2,0.4453,173317.3,205142.3,8771113.9
NHTSA-2006-RO-0236,2006,Ford,Explorer,suv,rollover,1863.7,43.4,30.9,1.58,0.82,406.7,172.4,108.9,755.08,37.95,0.0,0.0066,1,0.2401,116689.2,135431.7,18228863.0
NHTSA-2021-RO-0237,2021,Honda,Accord,sedan,rollover,1345.2,33.0,28.2,1.37,0.993,353.2,164.0,112.4,396.32,32.06,0.0086,0.003,1,0.1425,47858.7,56517.1,9827657.9
NHTSA-2009-FR-0238,2009,Ford,Fusion,sedan,frontal,1326.3,49.1,9.8,1.32,0.866,341.4,155.8,109.0,789.97,33.33,0.0711,0.0078,1,0.3238,104061.8,123358.7,8549881.1
NHTSA-2003-RO-0239,2003,Rivian,R1T,ev,rollover,1863.2,31.5,35.9,1.11,1.021,357.0,152.8,124.0,371.38,28.15,0.0106,0.0021,1,0.1639,62369.7,71325.6,6878093.8
NHTSA-2003-SI-0240,2003,Chevrolet,Bolt,ev,side,1869.2,59.7,92.7,1.41,1.02,359.2,162.8,127.2,1525.0,42.71,0.2579,0.9082,5,0.4283,227917.5,257021.5,26266234.2
NHTSA-2024-RO-0241,2024,Rivian,R1T,ev,rollover,2084.0,53.4,27.7,1.49,0.985,499.4,175.3,129.8,1173.43,49.9,0.0,0.0311,3,0.2654,203878.7,229268.9,13985022.3
NHTSA-2016-FR-0242,2016,Honda,Accord,sedan,frontal,1539.8,52.5,13.1,1.15,0.974,403.3,163.9,104.4,643.45,28.09,0.0901,0.0097,1,0.444,143291.1,163737.4,6466939.5
NHTSA-2022-RO-0243,2022,GMC,Sierra,truck,rollover,2255.8,48.0,37.0,1.65,0.844,481.9,169.4,120.6,859.66,42.81,0.0,0.0117,2,0.2359,168422.0,200515.6,18448250.6
NHTSA-2005-SI-0244,2005,Honda,Accord,sedan,side,1558.0,52.7,90.2,1.3,0.846,344.3,150.7,112.2,1025.03,30.79,0.323,0.9987,5,0.4395,149325.3,166937.4,26994296.5
NHTSA-2019-RO-0245,2019,Ford,Explorer,suv,rollover,2171.7,40.9,26.1,1.21,0.837,413.2,148.4,110.9,536.61,27.35,0.0,0.002,1,0.2888,112647.5,140155.9,9614398.2
NHTSA-2011-SI-0246,2011,Chevrolet,Bolt,ev,side,1804.6,46.9,91.6,1.65,1.042,380.0,154.9,111.5,1041.92,42.54,0.2279,0.663,5,0.2432,134208.7,153141.1,23799566.9
NHTSA-2012-SI-0247,2012,Chevrolet,Equinox,suv,side,1980.2,51.5,87.2,1.06,0.956,393.3,171.4,112.9,681.89,28.63,0.2331,0.7135,5,0.4901,168706.7,202622.9,23510796.4
NHTSA-2022-FR-0248,2022,Hyundai,Tucson,suv,frontal,2080.3,60.6,9.5,1.5,0.827,439.8,162.0,113.0,1048.08,37.03,0.034,0.0097,2,0.4556,250430.5,294738.1,11921444.2
NHTSA-2000-RO-0249,2000,Ram,1500,truck,rollover,2592.0,32.5,37.6,1.43,0.775,547.1,155.7,129.6,430.87,44.44,0.0,0.0124,1,0.1299,95090.2,105625.0,16470278.7
NHTSA-2015-RO-0250,2015,Chevrolet,Equinox,suv,rollover,1900.2,51.7,21.1,1.17,0.777,496.9,150.8,111.1,785.48,33.77,0.0,0.0046,1,0.3615,168804.8,195950.1,11222283.5
NHTSA-2018-FR-0251,2018,Chevrolet,Bolt,ev,frontal,2146.3,60.9,6.0,1.36,0.925,524.6,174.4,122.7,1305.72,43.51,0.0565,0.0256,3,0.3743,269266.0,307107.2,10895600.5
NHTSA-2011-SI-0252,2011,Toyota,RAV4,suv,side,1934.6,51.2,85.2,1.11,0.902,443.9,166.5,109.9,790.41,28.87,0.2106,0.4676,4,0.4282,168051.5,195657.3,25345367.3
NHTSA-2021-FR-0253,2021,Tesla,Model Y,ev,frontal,2491.4,60.9,1.9,1.25,0.947,458.2,151.8,121.3,933.09,33.67,0.0945,0.0143,2,0.5202,307235.7,356486.5,6877314.2
NHTSA-2007-RO-0254,2007,Nissan,Altima,sedan,rollover,1254.8,40.8,25.7,1.43,0.842,370.4,148.4,112.2,698.04,37.85,0.0057,0.0063,1,0.1953,73344.7,80586.0,11265716.9
NHTSA-2016-SI-0255,2016,Chevrolet,Equinox,suv,side,2177.9,49.8,94.0,1.47,1.043,494.4,167.0,123.6,1147.0,41.0,0.2228,0.6088,5,0.2899,180010.0,208382.7,27200772.2
NHTSA-2006-FR-0256,2006,Nissan,Altima,sedan,frontal,1415.3,63.2,7.9,1.18,0.784,357.0,168.9,102.3,889.16,31.8,0.1199,0.0274,2,0.6175,190797.7,218096.0,10844006.0
NHTSA-2022-RO-0257,2022,Ford,F-150,truck,rollover,2680.8,47.5,39.0,1.44,0.713,397.6,159.4,127.4,661.22,30.01,0.0,0.0029,1,0.346,197491.9,233354.7,20431778.7
NHTSA-2013-SI-0258,2013,Tesla,Model 3,ev,side,2407.0,36.3,89.7,1.19,0.917,418.3,150.9,112.8,485.11,26.42,0.2655,0.9367,5,0.2412,107648.9,122364.2,21225807.8
NHTSA-2000-FR-0259,2000,Toyota,Tundra,truck,frontal,2149.8,47.6,0.6,1.3,0.913,382.4,150.4,119.6,720.26,32.48,0.0494,0.0052,1,0.3422,155219.1,187921.7,7448564.6
NHTSA-2010-SI-0260,2010,Chevrolet,Bolt,ev,side,2014.0,51.8,89.6,1.22,0.95,450.0,168.1,128.7,1138.02,42.29,0.316,0.9978,5,0.3119,177936.3,208489.4,28560518.1
NHTSA-2020-FR-0261,2020,Tesla,Model Y,ev,frontal,2237.3,60.4,8.9,1.18,1.061,435.1,163.9,114.2,717.78,30.15,0.0797,0.0079,1,0.5628,279381.2,314893.1,5936380.6
NHTSA-2001-SI-0262,2001,Honda,Accord,sedan,side,1504.6,52.4,87.8,1.24,0.962,496.6,160.4,109.7,1407.46,45.41,0.3499,0.9998,5,0.3062,133358.8,159385.4,22714011.5
NHTSA-2010-SI-0263,2010,Tesla,Model 3,ev,side,1805.4,45.9,86.9,1.17,1.025,463.7,166.6,122.7,974.67,41.65,0.3068,0.9958,5,0.2472,129962.0,146745.2,22308849.7
NHTSA-2005-FR-0264,2005,Chevrolet,Equinox,suv,frontal,2135.4,59.8,9.1,1.5,0.83,448.3,153.9,120.9,1201.63,47.52,0.0471,0.0272,3,0.4157,246425.9,294609.4,11007311.2
NHTSA-2019-SI-0265,2019,Hyundai,Ioniq 5,ev,side,2381.1,59.9,88.3,1.42,0.999,512.7,157.2,121.5,1708.25,46.98,0.2346,0.7532,5,0.3665,264056.3,329606.9,24608282.6
NHTSA-2016-FR-0266,2016,Honda,Accord,sedan,frontal,1637.8,64.9,5.2,1.21,0.729,499.8,148.8,101.7,1179.1,38.74,0.1228,0.0385,3,0.5273,229227.3,266143.1,9493618.6
NHTSA-2021-FR-0267,2021,GMC,Sierra,truck,frontal,2250.4,48.5,5.5,1.49,0.718,416.3,150.6,123.9,696.2,35.65,0.056,0.0068,1,0.2955,174713.5,204224.7,14144332.5
NHTSA-2002-RO-0268,2002,Chevrolet,Bolt,ev,rollover,2436.5,43.4,33.5,1.44,1.046,451.5,176.0,127.1,831.25,36.25,0.0,0.006,2,0.2344,152322.6,177056.1,11933102.2
NHTSA-2024-FR-0269,2024,Chevrolet,Silverado,truck,frontal,2100.9,59.1,9.3,1.53,0.817,374.5,171.4,115.7,895.09,35.29,0.0536,0.0077,2,0.4515,237852.7,283103.6,14446534.1
NHTSA-2004-FR-0270,2004,Honda,Accord,sedan,frontal,1367.6,55.5,10.3,1.12,0.717,391.3,153.1,95.2,769.03,30.07,0.1267,0.0328,1,0.4747,138213.3,162521.2,9314085.2
NHTSA-2004-SI-0271,2004,Rivian,R1T,ev,side,1995.2,48.6,92.7,1.66,0.981,504.1,156.9,129.1,1297.63,60.54,0.234,0.75,5,0.188,158167.1,181812.6,30863985.4
NHTSA-2003-RO-0272,2003,Hyundai,Ioniq 5,ev,rollover,2075.2,43.7,20.3,1.56,0.878,376.1,168.2,125.1,786.34,42.48,0.0,0.0108,1,0.2262,131857.7,152893.1,16288298.3
NHTSA-2017-SI-0273,2017,Toyota,Camry,sedan,side,1415.7,40.4,86.8,1.48,0.796,492.8,146.1,113.9,671.17,48.02,0.2908,0.9873,5,0.1504,77947.6,89145.4,32514395.4
NHTSA-2021-RO-0274,2021,Tesla,Model Y,ev,rollover,2178.1,46.5,21.3,1.4,0.95,463.7,169.6,123.2,984.51,43.4,0.0,0.0138,3,0.246,156131.6,181697.4,12633884.7
NHTSA-2017-SI-0275,2017,Ford,Explorer,suv,side,2170.6,46.1,86.5,1.31,1.044,471.4,162.0,114.5,834.57,33.96,0.2109,0.4723,4,0.3006,147366.1,177969.9,21442284.3
NHTSA-2008-SI-0276,2008,Toyota,Tundra,truck,side,2407.6,36.2,91.6,1.51,0.838,374.3,159.7,111.5,500.34,27.47,0.2057,0.4145,4,0.2268,106353.0,121721.3,36278511.8
NHTSA-2000-SI-0277,2000,Hyundai,Ioniq 5,ev,side,1994.2,57.8,85.9,1.16,1.053,392.9,179.3,110.1,1066.61,35.47,0.2852,0.9812,5,0.5244,221230.7,257033.3,23152479.6
NHTSA-2009-RO-0278,2009,Nissan,Altima,sedan,rollover,1349.9,54.5,39.2,1.23,0.91,343.8,148.3,99.4,856.78,29.36,0.0071,0.0038,2,0.4755,135300.8,154689.1,7653674.2
NHTSA-2016-RO-0279,2016,Rivian,R1T,ev,rollover,2057.4,45.9,43.0,1.12,1.07,521.8,170.6,129.2,830.18,39.99,0.0117,0.0087,2,0.2449,145440.3,167228.0,8393678.9
NHTSA-2010-SI-0280,2010,Ram,1500,truck,side,2000.2,44.2,93.7,1.7,0.811,417.8,174.7,114.9,993.43,43.22,0.1781,0.1951,4,0.2095,126708.9,150758.9,54767468.4
NHTSA-2008-FR-0281,2008,Nissan,Altima,sedan,frontal,1595.1,50.9,6.0,1.07,0.965,316.0,146.8,108.2,399.04,22.66,0.1132,0.0189,1,0.5236,130274.9,159436.8,4858819.2
NHTSA-2006-RO-0282,2006,Ram,1500,truck,rollover,2204.2,42.2,35.8,1.56,0.846,419.9,179.1,120.6,724.43,40.94,0.0,0.0089,1,0.2173,127182.5,151440.1,19817452.5
NHTSA-2017-SI-0283,2017,Honda,CR-V,suv,side,2167.6,43.9,92.0,1.27,1.039,431.2,163.7,123.4,741.84,32.29,0.2376,0.7581,5,0.3032,142239.9,161165.9,22669216.4
NHTSA-2007-FR-0284,2007,Chevrolet,Bolt,ev,frontal,1817.4,59.6,14.6,1.27,0.994,412.4,173.8,126.3,1299.41,44.57,0.0827,0.0303,3,0.3952,214716.0,249062.3,8931307.2
NHTSA-2004-SI-0285,2004,Chevrolet,Equinox,suv,side,1781.3,58.3,93.7,1.26,0.923,444.4,147.2,121.2,1498.82,42.08,0.2175,0.5612,5,0.4125,201637.2,233581.9,22003356.4
NHTSA-2007-RO-0286,2007,Chevrolet,Silverado,truck,rollover,2192.9,40.3,23.4,1.12,0.879,459.3,161.2,123.9,575.78,32.81,0.0042,0.0035,1,0.247,117305.9,137402.3,10589388.8
NHTSA-2008-SI-0287,2008,Hyundai,Ioniq 5,ev,side,2388.6,54.4,90.3,1.59,1.09,515.3,151.0,110.8,1389.09,48.33,0.1983,0.3653,4,0.3124,226472.5,272713.2,19683786.8
NHTSA-2005-SI-0288,2005,Honda,Accord,sedan,side,1657.8,39.8,85.7,1.49,0.73,455.3,147.7,107.7,807.54,40.62,0.2718,0.9566,5,0.1904,88482.0,101312.6,38374610.8
NHTSA-2011-RO-0289,2011,Jeep,Grand Cherokee,suv,rollover,1992.5,53.2,44.3,1.3,0.792,403.6,174.2,124.1,1006.34,34.35,0.0,0.007,2,0.3951,187556.8,217563.8,18092686.6
NHTSA-2012-SI-0290,2012,Ford,Mustang Mach-E,ev,side,2332.0,49.2,91.5,1.52,0.961,463.7,164.5,119.7,1094.7,41.36,0.2105,0.472,4,0.2798,188856.4,217782.9,31248546.3
NHTSA-2003-RO-0291,2003,Ford,Fusion,sedan,rollover,1458.3,53.7,36.0,1.17,0.811,412.9,164.6,97.4,960.1,31.68,0.0095,0.0055,2,0.4378,139947.9,162240.9,11588928.1
NHTSA-2001-FR-0292,2001,Toyota,Tundra,truck,frontal,2707.6,61.0,13.2,1.15,0.729,476.8,150.7,118.1,748.51,28.17,0.1177,0.0238,1,0.6233,342105.4,388695.2,10323093.5
NHTSA-2014-SI-0293,2014,Hyundai,Tucson,suv,side,2127.9,49.6,95.0,1.46,0.906,518.5,153.7,105.4,1028.39,36.41,0.1889,0.2648,4,0.3096,173455.1,201966.6,26422221.5
NHTSA-2002-RO-0294,2002,Ford,Mustang Mach-E,ev,rollover,2012.6,32.7,34.5,1.22,0.921,433.5,154.4,114.6,411.54,35.67,0.0012,0.0044,1,0.1516,71107.4,83026.7,8981696.6
NHTSA-2008-RO-0295,2008,Chevrolet,Silverado,truck,rollover,2439.6,50.9,41.0,1.37,0.803,449.3,163.2,122.5,925.12,34.18,0.0,0.0059,2,0.3625,212136.9,243848.0,15766587.7
NHTSA-2002-SI-0296,2002,Ford,Fusion,sedan,side,1482.3,42.7,88.2,1.22,0.778,331.9,151.1,102.4,692.09,26.26,0.2923,0.9883,5,0.3283,90070.6,104269.4,28354145.3
NHTSA-2011-SI-0297,2011,Chevrolet,Silverado,truck,side,2659.7,59.0,89.3,1.23,0.789,396.1,168.2,113.8,789.27,28.72,0.2472,0.8384,5,0.6333,294489.2,357192.0,38394204.1
NHTSA-2001-FR-0298,2001,Ford,Fusion,sedan,frontal,1531.2,60.8,12.6,1.1,0.903,302.6,167.6,105.6,522.43,23.79,0.1445,0.0584,1,0.7503,190865.5,218375.6,7651712.9
NHTSA-2024-RO-0299,2024,Ford,F-150,truck,rollover,2131.4,43.4,27.0,1.42,0.716,450.5,156.7,117.3,724.67,34.44,0.0,0.0046,1,0.233,131744.2,154885.0,18121211.2
NHTSA-2005-RO-0300,2005,Hyundai,Sonata,sedan,rollover,1671.0,49.2,38.3,1.48,0.797,414.5,168.2,105.8,996.73,40.27,0.001,0.0105,2,0.3131,133466.7,156052.8,16759774.7
NHTSA-2014-SI-0301,2014,Hyundai,Tucson,suv,side,1820.5,48.6,86.6,1.29,0.946,445.7,147.9,118.9,991.39,39.18,0.2038,0.4003,4,0.2943,140293.5,165893.1,21372159.2
NHTSA-2002-SI-0302,2002,Hyundai,Tucson,suv,side,2295.1,38.9,90.6,1.16,1.042,468.7,162.1,119.8,598.04,29.82,0.2293,0.6745,5,0.2627,117574.0,133988.0,19753436.0
NHTSA-2023-FR-0303,2023,Hyundai,Sonata,sedan,frontal,1617.4,48.4,10.7,1.31,0.88,478.8,150.6,112.8,760.25,39.72,0.0737,0.0117,1,0.2755,125534.7,146175.0,7774705.1
NHTSA-2001-FR-0304,2001,Hyundai,Tucson,suv,frontal,2102.5,61.5,10.5,1.21,0.958,349.9,159.6,110.3,601.16,25.97,0.0729,0.0056,1,0.7368,266174.7,306797.1,6847319.8
NHTSA-2022-RO-0305,2022,Chevrolet,Bolt,ev,rollover,2131.2,34.8,31.3,1.67,0.96,404.2,160.2,128.6,448.93,39.75,0.0,0.0071,1,0.132,88058.1,99574.4,13251048.7
NHTSA-2003-FR-0306,2003,Chevrolet,Silverado,truck,frontal,2256.1,57.5,13.2,1.63,0.861,552.5,161.5,110.2,1335.05,49.55,0.0265,0.038,3,0.3098,233358.4,287779.0,11632649.5
NHTSA-2001-RO-0307,2001,Ford,Mustang Mach-E,ev,rollover,2198.9,34.8,21.0,1.61,0.925,374.8,155.5,113.3,470.04,40.44,0.0,0.0077,1,0.1697,90408.5,102737.5,11755611.9
NHTSA-2021-SI-0308,2021,Toyota,Camry,sedan,side,1474.5,44.2,91.3,1.07,0.943,445.5,162.4,105.6,638.27,26.57,0.3708,1.0,5,0.2896,93776.3,111135.9,20541290.3
NHTSA-2009-RO-0309,2009,Ford,Explorer,suv,rollover,2002.7,36.8,40.5,1.16,0.821,451.2,169.2,119.1,532.52,30.76,0.0,0.0027,1,0.1989,84969.9,104634.9,13681340.8
NHTSA-2022-SI-0310,2022,Toyota,RAV4,suv,side,2005.2,58.2,88.9,1.0,0.854,516.1,163.6,121.0,1184.66,28.95,0.2787,0.9716,5,0.4724,217568.9,262040.7,26164158.9
NHTSA-2007-RO-0311,2007,Honda,Accord,sedan,rollover,1588.2,37.7,28.4,1.41,0.949,479.6,146.1,98.1,560.61,34.92,0.0,0.0043,1,0.1844,76465.6,87086.9,7688057.3
NHTSA-2012-RO-0312,2012,Chevrolet,Silverado,truck,rollover,2670.2,46.6,36.6,1.44,0.829,528.6,159.6,129.6,912.18,43.96,0.0,0.0137,3,0.2642,195836.0,223707.5,15344455.8
NHTSA-2005-SI-0313,2005,Honda,Accord,sedan,side,1733.2,52.4,92.7,1.29,0.843,467.6,168.1,109.5,1226.96,36.71,0.3172,0.998,5,0.3582,156486.8,183601.5,34282645.0
NHTSA-2017-RO-0314,2017,Chevrolet,Equinox,suv,rollover,2074.3,35.1,28.8,1.51,1.028,413.1,164.2,117.1,437.59,34.59,0.0,0.0039,1,0.1744,85725.7,98594.1,10394888.1
NHTSA-2016-RO-0315,2016,Toyota,RAV4,suv,rollover,1774.3,50.9,36.7,1.0,0.98,400.7,147.9,112.2,704.35,25.02,0.0,0.0021,1,0.4599,149739.2,177348.5,5824530.3
NHTSA-2019-FR-0316,2019,Nissan,Altima,sedan,frontal,1741.2,63.3,14.2,1.45,0.729,487.6,154.4,108.2,1371.33,40.18,0.0892,0.0314,3,0.4307,226296.5,269166.5,12875117.8
NHTSA-2001-RO-0317,2001,Ford,Mustang Mach-E,ev,rollover,2242.9,45.3,32.8,1.17,0.856,500.1,169.0,127.0,858.85,42.32,0.009,0.0112,2,0.2482,147437.7,177570.7,13231414.3
NHTSA-2017-FR-0318,2017,Ford,Mustang Mach-E,ev,frontal,2426.0,49.8,4.7,1.39,1.03,382.8,178.1,115.7,599.49,31.74,0.0581,0.0052,1,0.3982,200850.7,232121.0,9062466.6
NHTSA-2020-FR-0319,2020,Toyota,RAV4,suv,frontal,2110.0,45.8,0.3,1.26,1.021,478.2,174.7,114.9,560.57,28.53,0.0378,0.0031,1,0.3023,145371.3,170757.0,7971883.5
NHTSA-2004-FR-0320,2004,Hyundai,Ioniq 5,ev,frontal,2482.8,59.0,7.7,1.24,0.988,490.7,173.6,122.0,985.19,41.2,0.0641,0.0138,2,0.4636,287191.3,333434.7,8600366.3
NHTSA-2012-SI-0321,2012,Toyota,Camry,sedan,side,1318.5,53.1,90.4,1.02,0.74,335.9,146.1,99.4,731.73,23.96,0.3513,0.9998,5,0.5097,121868.8,143428.1,23836393.4
NHTSA-2003-FR-0322,2003,Chevrolet,Bolt,ev,frontal,2089.3,49.2,8.8,1.24,0.894,397.1,174.2,122.6,787.63,34.39,0.0631,0.0073,1,0.3407,168304.6,195117.4,10624760.8
NHTSA-2017-SI-0323,2017,Honda,Accord,sedan,side,1546.5,54.2,91.2,0.95,0.748,397.4,164.4,97.9,642.14,21.81,0.3417,0.9997,5,0.5744,151554.8,175272.4,28460654.9
NHTSA-2016-RO-0324,2016,Jeep,Grand Cherokee,suv,rollover,2213.9,31.7,29.7,1.12,0.855,418.2,170.5,110.4,264.24,23.05,0.0,0.0011,1,0.2044,72434.3,85830.5,11790580.3
NHTSA-2019-FR-0325,2019,Honda,CR-V,suv,frontal,2280.0,54.8,7.3,1.42,0.922,346.0,161.0,113.4,468.19,26.73,0.0527,0.0034,1,0.5502,228514.9,264156.3,8985319.4
NHTSA-2004-SI-0326,2004,Chevrolet,Bolt,ev,side,2245.4,52.8,94.9,1.25,0.855,460.5,164.5,111.9,1243.44,40.86,0.2584,0.9079,5,0.3781,202044.5,241505.2,31166540.5
NHTSA-2007-RO-0327,2007,Toyota,RAV4,suv,rollover,1975.1,53.8,37.8,1.55,0.848,435.6,161.8,120.2,1248.34,39.84,0.0,0.017,3,0.325,187195.5,220555.9,15415379.1
NHTSA-2001-FR-0328,2001,Ford,F-150,truck,frontal,2779.6,58.8,0.2,1.29,0.744,371.9,183.4,124.1,530.08,28.34,0.1108,0.0183,1,0.6488,328730.4,370767.8,18137386.6
NHTSA-2008-RO-0329,2008,Honda,CR-V,suv,rollover,2183.2,46.1,26.7,1.02,0.761,401.5,153.4,109.5,447.41,22.86,0.0,0.0013,1,0.4694,157546.7,179003.0,10542099.7
NHTSA-2014-RO-0330,2014,Ford,Fusion,sedan,rollover,1685.9,53.4,42.0,0.91,0.807,438.7,154.4,113.0,639.79,24.78,0.0327,0.0025,1,0.5182,162411.5,185472.4,8697783.9
NHTSA-2022-RO-0331,2022,Chevrolet,Bolt,ev,rollover,2418.3,37.7,24.5,1.31,0.962,427.9,174.6,113.3,453.19,27.13,0.0,0.0018,1,0.2337,117340.0,132604.4,11678618.6
NHTSA-2021-FR-0332,2021,Ford,Mustang Mach-E,ev,frontal,1827.9,45.0,3.7,1.32,1.008,381.6,157.5,129.9,749.72,40.31,0.0565,0.0102,1,0.2294,118278.6,142804.7,7320166.9
NHTSA-2013-SI-0333,2013,GMC,Sierra,truck,side,2275.2,54.3,86.0,1.67,0.846,540.8,159.5,127.3,1632.41,55.5,0.2065,0.4802,4,0.2586,222697.3,258811.9,42926817.2
NHTSA-2006-SI-0334,2006,Toyota,Tundra,truck,side,2091.9,53.6,87.5,1.33,0.827,545.1,165.9,111.3,1431.37,45.56,0.2359,0.75,5,0.3172,195396.7,231865.2,35968162.1
NHTSA-2012-FR-0335,2012,Ford,Mustang Mach-E,ev,frontal,2097.6,58.6,5.9,1.37,1.068,386.6,164.7,119.3,1073.46,38.56,0.0687,0.0136,2,0.4374,227712.0,277896.4,7062934.2
NHTSA-2006-RO-0336,2006,Ram,1500,truck,rollover,2536.7,41.6,28.9,1.18,0.839,444.0,187.8,127.1,586.58,31.88,0.003,0.0032,1,0.2832,142494.0,169363.9,17775430.6
NHTSA-2007-FR-0337,2007,Chevrolet,Equinox,suv,frontal,1923.2,60.3,7.8,1.45,0.895,473.8,154.0,112.6,1308.4,43.6,0.0351,0.0247,3,0.4074,227354.5,269788.9,8727230.8
NHTSA-2012-SI-0338,2012,Chevrolet,Bolt,ev,side,2237.5,45.8,93.8,1.65,0.875,400.2,150.8,127.7,984.72,46.64,0.2364,0.7509,5,0.2281,152845.1,181075.2,34915869.0
NHTSA-2007-FR-0339,2007,Hyundai,Tucson,suv,frontal,2077.5,61.7,8.5,1.43,0.855,423.3,164.9,118.4,1034.03,36.24,0.0499,0.0097,2,0.4867,258304.5,305124.0,11461756.2
NHTSA-2022-FR-0340,2022,Tesla,Model Y,ev,frontal,1850.4,58.9,13.0,1.46,1.082,453.4,160.3,111.5,1198.58,40.6,0.0434,0.0167,3,0.3641,217460.8,247663.0,6558180.3
NHTSA-2010-RO-0341,2010,Tesla,Model Y,ev,rollover,2319.0,35.1,38.7,1.31,1.039,522.4,159.5,129.9,416.17,42.92,0.004,0.0104,1,0.1388,94437.1,110225.0,8911508.0
NHTSA-2024-SI-0342,2024,Nissan,Altima,sedan,side,1663.6,56.5,94.5,0.99,0.975,433.6,158.1,113.0,882.32,25.64,0.3986,1.0,5,0.525,172926.5,204885.3,17507219.5
NHTSA-2013-RO-0343,2013,Ford,Explorer,suv,rollover,2069.4,36.3,43.2,1.31,0.832,515.4,162.9,110.7,446.25,34.06,0.0,0.0037,1,0.1812,92148.9,105201.7,13056431.8
NHTSA-2021-RO-0344,2021,Chevrolet,Bolt,ev,rollover,2357.9,37.6,41.5,1.69,1.008,366.9,151.8,113.7,437.21,33.15,0.0,0.0033,1,0.2028,111912.2,128607.4,9830211.9
NHTSA-2000-FR-0345,2000,Toyota,RAV4,suv,frontal,2321.6,47.0,11.9,1.06,0.756,382.7,151.1,105.6,341.94,23.91,0.0804,0.0063,1,0.5027,162916.3,197855.5,8251822.2
NHTSA-2013-SI-0346,2013,Nissan,Altima,sedan,side,1525.0,58.6,87.5,1.02,0.979,362.7,141.0,111.8,893.9,24.85,0.3714,1.0,5,0.5808,165192.3,202036.6,13602600.4
NHTSA-2022-SI-0347,2022,Nissan,Altima,sedan,side,1432.4,49.3,89.2,1.06,0.827,474.8,168.7,98.4,882.21,30.88,0.3158,0.9978,5,0.3481,113921.1,134314.6,27650466.6
NHTSA-2018-FR-0348,2018,Toyota,Camry,sedan,frontal,1665.7,49.3,13.6,1.17,0.844,415.3,157.9,110.4,553.03,30.47,0.1065,0.0164,1,0.3775,134707.5,156190.9,8331134.9
NHTSA-2008-FR-0349,2008,Jeep,Grand Cherokee,suv,frontal,2170.7,62.5,8.8,1.51,0.949,492.4,157.2,120.4,1454.77,46.43,0.0398,0.0413,3,0.4318,278843.2,327133.4,8876378.5
NHTSA-2008-SI-0350,2008,Tesla,Model 3,ev,side,2399.3,48.2,92.3,1.36,1.027,528.3,169.8,126.1,1055.35,46.1,0.2788,0.9721,5,0.2582,185099.0,215052.1,27418399.2
NHTSA-2006-RO-0351,2006,Chevrolet,Equinox,suv,rollover,2009.4,41.5,32.9,1.39,0.923,505.9,179.3,106.4,592.11,36.74,0.0,0.0053,1,0.2337,120113.6,133514.2,13733887.7
NHTSA-2005-SI-0352,2005,Chevrolet,Silverado,truck,side,2454.3,38.1,93.1,1.19,0.835,425.9,184.6,111.0,563.9,28.07,0.2345,0.7282,5,0.2707,114739.0,137449.3,40664775.6
NHTSA-2001-RO-0353,2001,Toyota,Camry,sedan,rollover,1380.1,35.2,26.3,1.47,0.839,484.3,151.2,103.1,494.36,53.0,0.0001,0.0357,3,0.1261,57138.1,65972.2,11483209.2
NHTSA-2024-SI-0354,2024,Toyota,Tundra,truck,side,2143.0,52.5,85.3,1.76,0.91,386.3,181.0,114.3,1157.08,36.77,0.1826,0.2216,4,0.3361,198987.6,227879.8,48743676.4
NHTSA-2014-SI-0355,2014,GMC,Sierra,truck,side,2058.2,40.9,89.9,1.51,0.898,490.1,177.7,118.8,841.25,43.94,0.2187,0.5623,5,0.1796,115168.8,132830.9,42393765.9
NHTSA-2010-RO-0356,2010,Honda,CR-V,suv,rollover,2325.0,33.6,30.7,1.05,0.807,384.7,158.4,107.7,271.89,21.5,0.0,0.001,1,0.2792,85461.2,101266.7,10278827.3
NHTSA-2002-FR-0357,2002,Ford,Fusion,sedan,frontal,1418.0,52.0,3.8,1.26,0.869,324.1,162.8,112.3,731.36,31.37,0.1032,0.0156,1,0.4044,123964.9,147927.2,9180739.7
NHTSA-2009-RO-0358,2009,Tesla,Model Y,ev,rollover,2378.7,37.7,36.8,1.42,1.01,479.2,151.3,128.5,565.28,44.85,0.0,0.0133,1,0.1641,110917.7,130433.0,8960266.2
NHTSA-2018-SI-0359,2018,Nissan,Altima,sedan,side,1469.2,55.1,89.7,1.47,0.722,485.4,166.5,95.9,1299.85,40.08,0.2523,0.8746,5,0.3251,148007.4,172087.4,47554879.8
NHTSA-2019-FR-0360,2019,Toyota,Camry,sedan,frontal,1369.9,59.8,12.5,1.02,0.893,326.8,145.0,109.5,648.33,24.2,0.1505,0.0727,1,0.6258,160811.8,188997.6,5305620.6
NHTSA-2001-SI-0361,2001,Chevrolet,Malibu,sedan,side,1716.9,35.7,88.5,1.35,0.773,475.8,166.9,95.5,594.13,35.9,0.2758,0.9657,5,0.186,72178.7,84420.2,38312648.6
NHTSA-2003-FR-0362,2003,Tesla,Model Y,ev,frontal,1870.3,61.5,3.0,1.45,0.937,505.0,165.5,124.8,1576.01,60.19,0.0558,0.1257,4,0.3216,238015.2,272914.4,10119309.6
NHTSA-2012-FR-0363,2012,Ford,Explorer,suv,frontal,2280.7,53.7,0.2,1.07,0.78,349.6,176.4,112.1,345.78,20.8,0.101,0.0121,1,0.6577,216695.0,253735.8,11716498.7
NHTSA-2020-SI-0364,2020,Toyota,Tundra,truck,side,2490.5,45.8,87.6,1.66,0.95,448.9,186.7,112.7,889.38,37.29,0.1964,0.3271,4,0.2672,167234.9,201549.9,45070654.1
NHTSA-2019-FR-0365,2019,Chevrolet,Silverado,truck,frontal,2160.8,54.5,3.9,1.14,0.833,556.8,189.4,118.7,970.35,39.42,0.0742,0.0133,2,0.3554,206470.7,247612.5,13426043.8
NHTSA-2004-RO-0366,2004,Tesla,Model Y,ev,rollover,1938.6,50.8,39.7,1.14,0.952,423.5,170.9,114.7,903.86,32.62,0.0043,0.0051,2,0.3668,166330.2,193010.4,9982130.6
NHTSA-2007-RO-0367,2007,Honda,Accord,sedan,rollover,1645.8,51.9,38.8,1.23,0.789,342.1,141.4,109.5,683.37,27.84,0.0127,0.0026,1,0.4592,145145.9,171031.8,9738375.5
NHTSA-2018-SI-0368,2018,Ram,1500,truck,side,2710.4,54.5,92.2,1.63,0.783,424.7,153.2,117.6,1043.95,35.28,0.1817,0.2132,4,0.4238,273347.5,310592.8,42136552.0
NHTSA-2014-FR-0369,2014,Chevrolet,Equinox,suv,frontal,2238.6,62.2,8.1,1.51,1.015,362.4,154.0,109.2,743.09,29.84,0.0421,0.0041,1,0.621,277512.5,334135.2,6909258.4
NHTSA-2002-FR-0370,2002,Nissan,Altima,sedan,frontal,1471.0,51.9,8.7,1.37,0.777,484.8,167.4,113.9,1138.58,51.05,0.0879,0.0402,3,0.2686,131884.0,152866.5,13428837.0
NHTSA-2010-RO-0371,2010,Hyundai,Tucson,suv,rollover,2340.1,48.0,41.2,1.24,0.812,366.2,155.2,120.4,505.28,25.86,0.0,0.0017,1,0.4459,179778.1,208008.9,12299999.4
NHTSA-2017-RO-0372,2017,Tesla,Model 3,ev,rollover,2055.0,52.1,31.3,1.36,1.042,357.0,152.6,111.2,772.24,28.42,0.0,0.003,1,0.423,188045.5,215205.0,7431205.3
NHTSA-2002-RO-0373,2002,Chevrolet,Bolt,ev,rollover,2310.2,43.0,40.8,1.64,1.007,418.9,158.8,118.1,856.87,40.64,0.0,0.0094,2,0.2169,138194.5,164797.8,10916679.1
NHTSA-2020-SI-0374,2020,Honda,Accord,sedan,side,1281.0,43.0,93.6,1.0,0.987,458.3,148.9,107.9,729.62,30.21,0.4065,1.0,5,0.2484,77953.4,91380.0,14531839.1
NHTSA-2005-SI-0375,2005,Jeep,Grand Cherokee,suv,side,2267.7,39.5,91.4,1.09,0.952,441.7,173.7,122.6,575.49,27.38,0.2498,0.8565,5,0.2831,116142.8,136503.8,26581870.7
NHTSA-2007-SI-0376,2007,Jeep,Grand Cherokee,suv,side,2048.5,37.7,89.0,1.11,1.007,468.7,149.7,113.8,539.52,27.46,0.2512,0.8656,5,0.2437,98859.2,112326.9,16243873.3
NHTSA-2015-SI-0377,2015,Tesla,Model Y,ev,side,2124.4,51.2,89.7,1.66,0.908,507.3,177.9,126.8,1252.23,52.41,0.228,0.6747,5,0.2176,183320.7,214852.9,47649181.7
NHTSA-2024-RO-0378,2024,Honda,Accord,sedan,rollover,1543.6,41.6,32.7,1.18,0.849,339.0,154.9,101.6,491.85,19.91,0.0122,0.0013,1,0.3198,85102.6,103059.1,9495202.5
NHTSA-2013-RO-0379,2013,Rivian,R1T,ev,rollover,1870.4,37.5,27.7,1.11,1.054,509.4,172.7,116.9,501.41,33.33,0.0063,0.0036,1,0.1745,89189.2,101475.7,8236347.0
NHTSA-2015-FR-0380,2015,Ford,Mustang Mach-E,ev,frontal,2338.0,55.1,14.6,1.57,0.918,363.7,156.3,113.1,860.38,30.48,0.0456,0.0052,2,0.4419,239063.8,273850.0,9303724.3
NHTSA-2003-FR-0381,2003,Ford,Fusion,sedan,frontal,1343.9,56.7,13.8,1.39,0.94,415.2,148.7,97.2,1156.24,39.24,0.0708,0.0164,3,0.3798,140321.9,166685.6,6326287.1
NHTSA-2023-RO-0382,2023,Chevrolet,Silverado,truck,rollover,2549.8,41.3,24.7,1.31,0.966,364.3,153.8,111.9,387.15,20.81,0.0,0.001,1,0.3635,148175.7,167792.0,8528426.8
NHTSA-2019-SI-0383,2019,Chevrolet,Equinox,suv,side,1794.6,47.7,85.5,1.32,0.922,398.6,161.6,119.9,894.31,35.11,0.2218,0.5943,5,0.3172,140722.6,157532.2,28429186.6
NHTSA-2002-FR-0384,2002,Tesla,Model Y,ev,frontal,2271.1,63.7,9.2,1.64,0.911,402.6,160.2,126.5,1437.43,49.64,0.0547,0.0478,3,0.4266,297509.8,355533.2,11291090.4
NHTSA-2003-RO-0385,2003,Ram,1500,truck,rollover,2557.1,35.5,43.6,1.73,0.905,528.1,161.0,128.6,479.91,52.99,0.0,0.0356,3,0.1282,107915.4,124328.1,15607181.9
NHTSA-2015-FR-0386,2015,Toyota,Tundra,truck,frontal,2057.9,53.2,9.2,1.49,0.826,553.4,150.1,115.4,1070.68,47.89,0.0328,0.0238,3,0.2595,185296.3,224704.9,10081318.0
NHTSA-2002-SI-0387,2002,Ford,Fusion,sedan,side,1341.9,48.9,92.6,1.13,0.747,314.3,161.9,101.0,782.31,27.47,0.3403,0.9996,5,0.4382,107944.8,123794.9,33280034.7
NHTSA-2007-SI-0388,2007,Hyundai,Sonata,sedan,side,1254.7,59.6,91.9,1.19,0.948,456.9,150.2,98.9,1602.84,41.09,0.2929,0.9894,5,0.3997,142070.9,171948.1,17953452.4
NHTSA-2001-SI-0389,2001,Chevrolet,Silverado,truck,side,2627.6,50.3,94.6,1.2,0.744,550.8,150.3,112.5,975.17,36.23,0.2397,0.778,5,0.3797,221973.6,256484.0,32148688.0
NHTSA-2020-RO-0390,2020,GMC,Sierra,truck,rollover,2183.4,31.7,21.1,1.52,0.818,408.4,187.8,122.0,357.54,32.65,0.0,0.0031,1,0.1345,73653.9,84648.0,23292540.7
NHTSA-2017-SI-0391,2017,Nissan,Altima,sedan,side,1469.2,59.4,92.4,0.98,0.991,449.2,151.7,107.4,1101.99,28.55,0.3774,1.0,5,0.5287,169525.9,199994.9,14713454.9
NHTSA-2019-FR-0392,2019,Toyota,RAV4,suv,frontal,2257.4,56.3,12.2,1.51,0.887,379.0,148.1,110.2,673.09,30.49,0.0397,0.0039,1,0.5006,233624.5,276051.6,8309762.9
NHTSA-2020-FR-0393,2020,Rivian,R1T,ev,frontal,2163.4,64.7,11.0,1.56,0.929,411.2,160.3,125.8,1208.71,43.76,0.0553,0.0213,3,0.4367,294327.4,349389.9,10318862.1
NHTSA-2016-FR-0394,2016,Ford,Mustang Mach-E,ev,frontal,2288.6,50.2,10.6,1.55,0.882,412.9,162.5,122.5,843.29,39.63,0.049,0.0097,2,0.3012,191355.4,222506.3,11524877.8
NHTSA-2000-FR-0395,2000,Ford,F-150,truck,frontal,2205.8,47.9,11.0,1.65,0.734,387.7,157.3,117.7,874.53,38.05,0.0339,0.0081,2,0.2795,160740.0,195255.0,15935020.5
NHTSA-2005-SI-0396,2005,Jeep,Grand Cherokee,suv,side,2200.9,52.0,93.4,1.03,1.026,400.4,167.6,113.5,602.73,22.59,0.2624,0.9245,5,0.556,191590.2,229600.1,18895677.8
NHTSA-2005-RO-0397,2005,Chevrolet,Equinox,suv,rollover,2183.2,42.5,31.7,1.15,0.881,487.0,151.2,110.3,572.64,28.53,0.0,0.0023,1,0.3077,133737.4,152137.5,8593582.3
NHTSA-2012-SI-0398,2012,Hyundai,Ioniq 5,ev,side,1810.1,44.8,94.4,1.27,1.07,403.0,169.7,122.3,977.21,37.8,0.2955,0.9906,5,0.2378,117115.1,140159.8,23100250.8
NHTSA-2010-RO-0399,2010,Ford,Mustang Mach-E,ev,rollover,2168.1,32.6,23.3,1.2,1.095,420.7,161.7,126.4,394.95,37.3,0.0072,0.0054,1,0.1559,76521.0,88895.4,7456402.2
NHTSA-2017-RO-0400,2017,Ford,Explorer,suv,rollover,1765.0,36.5,37.9,1.08,1.03,440.4,166.1,121.7,456.4,30.87,0.0,0.0027,1,0.1972,77233.8,90718.4,7879685.5
NHTSA-2008-RO-0401,2008,Chevrolet,Equinox,suv,rollover,2322.9,41.6,28.4,1.57,0.93,365.0,168.7,121.3,568.33,30.43,0.0,0.0027,1,0.2736,132210.0,155089.4,14397617.9
NHTSA-2014-FR-0402,2014,GMC,Sierra,truck,frontal,2026.1,53.3,0.9,1.36,0.849,518.0,158.8,112.9,974.78,37.37,0.0484,0.0094,2,0.3188,193228.6,222065.1,9809754.1
NHTSA-2019-FR-0403,2019,Chevrolet,Bolt,ev,frontal,1826.9,58.6,12.9,1.26,0.911,463.3,159.5,113.6,1121.36,40.5,0.0706,0.0165,3,0.3832,209773.0,242033.2,8025648.7
NHTSA-2017-SI-0404,2017,Chevrolet,Silverado,truck,side,2152.4,45.3,91.1,1.51,0.95,515.5,161.3,127.0,1013.38,47.81,0.2127,0.5005,4,0.2045,147964.2,170405.8,31640329.9
NHTSA-2004-RO-0405,2004,Chevrolet,Equinox,suv,rollover,2251.4,33.4,30.6,1.2,0.797,507.4,172.1,109.1,416.3,27.39,0.0,0.0018,1,0.1899,86329.8,96897.1,14722537.5
NHTSA-2011-SI-0406,2011,Chevrolet,Equinox,suv,side,1814.4,54.2,89.5,1.11,0.846,491.8,158.8,123.1,1221.5,41.54,0.2769,0.9685,5,0.3527,169434.4,205634.8,27890566.8
NHTSA-2005-FR-0407,2005,Toyota,RAV4,suv,frontal,2036.5,51.5,2.7,1.55,0.912,426.3,152.1,115.2,859.4,39.25,0.0292,0.0087,2,0.3315,178220.7,208383.8,8849687.3
NHTSA-2007-SI-0408,2007,Toyota,Tundra,truck,side,2000.2,46.5,94.6,1.61,0.98,390.7,159.3,114.0,988.36,38.49,0.1847,0.2347,4,0.2836,151987.5,166857.0,28491208.2
NHTSA-2012-RO-0409,2012,Ford,Explorer,suv,rollover,2212.7,32.0,32.8,1.4,0.781,437.1,174.5,120.5,329.93,30.26,0.0,0.0024,1,0.152,75895.6,87415.3,19679351.0
NHTSA-2019-SI-0410,2019,Jeep,Grand Cherokee,suv,side,1893.6,35.5,90.2,1.53,0.925,422.7,145.5,114.6,583.58,33.07,0.1739,0.1631,4,0.1551,77304.9,92068.3,24734843.7
NHTSA-2000-RO-0411,2000,Chevrolet,Bolt,ev,rollover,1861.4,35.8,21.0,1.41,1.088,405.8,155.1,120.7,504.93,40.51,0.0,0.0078,1,0.1593,84756.1,92038.8,7765037.4
NHTSA-2000-FR-0412,2000,Chevrolet,Silverado,truck,frontal,2459.9,55.2,0.8,1.36,0.956,427.4,174.6,121.3,869.42,34.74,0.0647,0.0082,2,0.4548,250321.9,289174.9,10147886.5
NHTSA-2021-RO-0413,2021,Toyota,Camry,sedan,rollover,1493.1,44.2,41.6,1.34,0.767,493.0,159.7,110.0,763.61,37.59,0.008,0.0065,1,0.2055,95094.0,112537.8,14926082.3
NHTSA-2005-SI-0414,2005,Hyundai,Ioniq 5,ev,side,2003.2,36.6,93.2,1.7,1.085,353.1,155.7,115.4,609.69,35.02,0.1915,0.2834,4,0.1684,90219.6,103526.5,23419535.3
NHTSA-2003-SI-0415,2003,Hyundai,Tucson,suv,side,2014.7,57.9,86.5,1.45,0.754,418.2,151.3,121.9,1484.62,45.49,0.1974,0.3603,4,0.4064,220976.5,260574.9,40435974.7
NHTSA-2013-FR-0416,2013,Rivian,R1T,ev,frontal,1967.9,46.3,2.3,1.31,0.873,478.8,166.8,125.5,753.11,44.94,0.0525,0.0156,1,0.2242,139913.4,162753.4,10796831.8
NHTSA-2001-RO-0417,2001,Ford,Mustang Mach-E,ev,rollover,2257.4,33.1,36.8,1.19,1.054,511.6,169.4,126.6,406.3,38.61,0.0079,0.0063,1,0.1448,85549.9,95417.8,8902203.2
NHTSA-2002-FR-0418,2002,Toyota,Tundra,truck,frontal,2555.3,45.9,9.3,1.59,0.88,370.1,169.0,122.6,525.51,36.93,0.0396,0.0061,1,0.3184,174692.1,207698.0,13011422.6
NHTSA-2021-SI-0419,2021,Toyota,Camry,sedan,side,1495.5,54.5,91.3,1.23,0.739,309.9,165.7,95.1,633.96,22.48,0.2907,0.9869,5,0.5485,141222.5,171373.8,37534209.7
NHTSA-2010-SI-0420,2010,GMC,Sierra,truck,side,2738.7,35.1,90.3,1.33,0.782,543.2,151.8,127.6,539.85,40.34,0.2642,0.9322,5,0.1665,112241.7,130173.8,35995931.7
NHTSA-2016-SI-0421,2016,Chevrolet,Bolt,ev,side,2417.3,56.9,95.0,1.48,0.991,386.4,178.3,128.8,1194.71,34.49,0.255,0.8899,5,0.4439,271759.5,301939.6,36361917.3
NHTSA-2007-SI-0422,2007,Tesla,Model Y,ev,side,2472.3,55.5,88.8,1.26,0.942,419.2,159.3,118.1,1090.49,33.31,0.2678,0.9447,5,0.4624,242076.4,293800.2,24909785.3
NHTSA-2011-FR-0423,2011,Tesla,Model Y,ev,frontal,2353.0,53.8,13.5,1.21,0.885,361.1,152.1,127.3,735.7,32.46,0.1004,0.0147,1,0.4686,220767.1,262755.3,7933872.5
NHTSA-2012-FR-0424,2012,Chevrolet,Malibu,sedan,frontal,1527.0,62.1,1.9,1.32,0.919,478.7,149.5,111.3,1150.41,43.19,0.0874,0.0233,3,0.4101,191693.8,227189.0,6994342.3
NHTSA-2008-FR-0425,2008,GMC,Sierra,truck,frontal,2008.7,59.5,10.8,1.49,0.712,414.9,175.3,123.3,1135.35,47.26,0.0628,0.0257,3,0.3894,235513.4,274355.7,20410041.5
NHTSA-2018-SI-0426,2018,Tesla,Model Y,ev,side,1922.4,43.9,88.5,1.49,1.018,374.3,168.2,119.5,905.59,32.53,0.2407,0.7864,5,0.2335,122721.3,142934.7,28738828.5
NHTSA-2017-SI-0427,2017,Nissan,Altima,sedan,side,1469.2,35.6,92.6,1.45,0.9,461.6,161.4,106.1,496.52,41.18,0.2985,0.9924,5,0.1408,61874.9,71836.6,29976099.8
NHTSA-2022-RO-0428,2022,Ford,Explorer,suv,rollover,1817.0,54.9,30.8,1.55,0.81,494.2,174.9,122.7,1362.22,46.89,0.0,0.0331,3,0.2706,178264.1,211283.0,20559677.3
NHTSA-2004-SI-0429,2004,Ram,1500,truck,side,2006.0,37.1,93.4,1.7,0.929,540.6,155.3,125.6,658.58,68.02,0.1737,0.3344,4,0.1172,96446.1,106523.1,33717818.1
NHTSA-2017-FR-0430,2017,GMC,Sierra,truck,frontal,2101.8,50.2,3.9,1.66,0.88,442.4,160.4,119.1,931.59,42.79,0.0285,0.0128,2,0.2701,177175.1,204344.9,11767669.7
NHTSA-2016-RO-0431,2016,Nissan,Altima,sedan,rollover,1454.5,38.2,36.2,1.3,0.736,309.1,160.7,101.6,468.94,25.45,0.0055,0.0017,1,0.2568,68206.1,81885.2,15142395.9
NHTSA-2017-SI-0432,2017,Hyundai,Ioniq 5,ev,side,2017.6,56.9,92.3,1.1,0.994,449.5,172.6,125.5,1312.59,36.1,0.331,0.9993,5,0.4294,220556.9,252014.0,24633120.1
NHTSA-2007-SI-0433,2007,Toyota,Camry,sedan,side,1652.5,38.5,85.2,1.31,0.912,402.0,144.7,109.9,644.53,32.59,0.2884,0.9848,5,0.2185,80040.2,94499.2,20983352.6
NHTSA-2008-SI-0434,2008,Chevrolet,Malibu,sedan,side,1649.9,38.3,87.6,1.45,0.922,390.1,166.6,107.1,621.35,33.95,0.2417,0.7948,5,0.2093,80001.3,93372.8,30976697.5
NHTSA-2018-RO-0435,2018,Ford,Explorer,suv,rollover,1984.0,42.7,31.6,1.5,0.796,496.4,157.2,113.7,664.78,39.54,0.0,0.0074,1,0.2009,116820.9,139560.5,15243074.6
NHTSA-2020-FR-0436,2020,Ford,F-150,truck,frontal,2737.3,62.7,0.4,1.17,0.909,507.5,163.7,122.7,750.58,34.46,0.1098,0.0202,1,0.6004,355673.9,415166.7,8404436.2
NHTSA-2009-RO-0437,2009,Chevrolet,Bolt,ev,rollover,1857.5,42.2,33.5,1.25,1.021,381.6,159.8,113.5,663.6,35.31,0.0,0.0047,1,0.2555,109633.2,127620.0,8054606.9
NHTSA-2012-RO-0438,2012,Ford,F-150,truck,rollover,2492.0,48.9,33.5,1.62,0.953,401.6,162.3,120.4,1016.55,36.0,0.0,0.0079,2,0.3235,191643.9,229895.7,12845897.8
NHTSA-2002-FR-0439,2002,Hyundai,Sonata,sedan,frontal,1614.0,54.8,3.5,1.16,0.831,343.3,144.4,109.0,671.85,26.09,0.1218,0.0266,1,0.5485,166126.6,186994.9,6857391.0
NHTSA-2017-RO-0440,2017,Hyundai,Tucson,suv,rollover,1859.7,47.4,36.5,1.48,1.008,438.0,146.9,123.2,845.58,39.94,0.0,0.0086,2,0.2548,139914.1,161199.8,8485058.7
NHTSA-2017-SI-0441,2017,Chevrolet,Malibu,sedan,side,1658.0,37.7,94.6,0.94,0.879,359.0,157.5,109.1,352.76,19.19,0.397,1.0,5,0.3227,77605.7,90914.3,19810920.4
NHTSA-2008-SI-0442,2008,Ford,Fusion,sedan,side,1689.1,46.7,90.6,1.24,0.957,482.1,142.9,112.1,1045.93,38.7,0.3077,0.996,5,0.2797,120128.8,142119.6,17795942.4
NHTSA-2006-FR-0443,2006,Honda,CR-V,suv,frontal,2036.6,58.2,7.6,1.47,0.972,471.4,152.6,119.8,1185.02,42.32,0.0384,0.0177,3,0.3947,233718.9,266144.0,7667150.7
NHTSA-2016-FR-0444,2016,Tesla,Model 3,ev,frontal,2202.8,48.2,11.5,1.12,0.979,400.8,154.8,121.0,555.46,27.49,0.078,0.0066,1,0.3788,168570.1,197439.5,6038784.7
NHTSA-2019-RO-0445,2019,GMC,Sierra,truck,rollover,2002.1,47.8,33.7,1.78,0.957,420.9,184.0,126.8,881.81,47.64,0.0,0.0201,3,0.2198,153660.2,176484.5,19402807.6
NHTSA-2022-FR-0446,2022,Ford,Explorer,suv,frontal,2164.8,54.8,11.2,1.43,0.843,453.9,163.5,106.8,776.11,32.9,0.0381,0.005,1,0.418,211028.2,250809.5,10773760.2
NHTSA-2014-RO-0447,2014,Hyundai,Tucson,suv,rollover,1812.0,51.8,36.0,1.17,0.879,513.7,160.1,124.0,1154.96,40.59,0.0,0.0142,3,0.2989,156358.9,187578.4,10883189.5
NHTSA-2020-SI-0448,2020,Honda,Accord,sedan,side,1435.5,49.9,92.0,1.21,0.818,382.9,143.3,96.9,889.39,28.93,0.289,0.9854,5,0.3695,110467.1,137901.6,21639950.3
NHTSA-2015-SI-0449,2015,Chevrolet,Bolt,ev,side,2133.9,56.9,94.8,1.37,0.895,498.3,170.2,112.6,1580.52,41.05,0.2533,0.8848,5,0.3638,229963.5,266540.7,33834142.0
NHTSA-2005-RO-0450,2005,Toyota,RAV4,suv,rollover,1953.4,44.3,27.9,1.07,1.021,501.5,169.5,123.9,669.02,33.97,0.0008,0.0042,1,0.2794,128291.6,147898.5,8434400.9
NHTSA-2001-SI-0451,2001,Tesla,Model 3,ev,side,1865.7,39.8,88.9,1.53,0.905,367.8,156.8,122.3,799.92,45.32,0.251,0.8662,5,0.1827,98455.9,114017.9,32194937.0
NHTSA-2000-FR-0452,2000,Nissan,Altima,sedan,frontal,1423.1,54.2,8.3,1.26,1.0,336.8,145.2,106.0,669.97,32.28,0.094,0.012,1,0.4698,141387.0,161286.9,5098443.4
NHTSA-2024-RO-0453,2024,Chevrolet,Silverado,truck,rollover,2071.5,37.7,26.5,1.41,0.898,426.2,169.0,124.3,521.26,35.07,0.0,0.0043,1,0.182,99310.6,113588.0,14207801.2
NHTSA-2008-RO-0454,2008,GMC,Sierra,truck,rollover,2760.2,37.3,24.0,1.64,0.784,399.1,185.8,124.3,510.34,37.77,0.0,0.0057,1,0.2068,124911.5,148157.4,26955452.1
NHTSA-2021-FR-0455,2021,Hyundai,Sonata,sedan,frontal,1719.1,53.9,11.4,1.21,0.853,337.2,157.7,114.1,551.25,24.72,0.109,0.0168,1,0.5008,160123.3,192683.1,8595764.3
NHTSA-2013-SI-0456,2013,Hyundai,Tucson,suv,side,1889.2,36.6,85.9,1.6,0.755,349.3,149.9,124.6,576.83,39.34,0.1872,0.2508,4,0.1706,81217.6,97634.9,44106163.3
NHTSA-2006-FR-0457,2006,Chevrolet,Equinox,suv,frontal,1754.7,63.2,9.8,1.05,0.962,486.9,159.8,106.3,1009.25,31.04,0.0721,0.0094,2,0.5862,237930.1,270397.1,5783277.6
NHTSA-2022-RO-0458,2022,Ford,Mustang Mach-E,ev,rollover,2478.7,49.1,26.8,1.28,0.994,409.5,177.1,111.3,547.55,25.12,0.0,0.0017,1,0.432,208822.3,230543.0,10929573.9
NHTSA-2018-RO-0459,2018,Jeep,Grand Cherokee,suv,rollover,2128.8,51.7,27.1,1.48,0.848,476.1,148.9,121.2,1074.9,36.15,0.0,0.009,2,0.3235,195887.6,219523.5,12224536.0
NHTSA-2019-FR-0460,2019,Toyota,Tundra,truck,frontal,2779.2,46.6,6.4,1.66,0.987,462.4,163.0,123.6,658.72,40.7,0.0283,0.0089,1,0.2736,193211.0,232839.5,9967840.9
NHTSA-2005-SI-0461,2005,Toyota,Tundra,truck,side,2026.1,52.7,93.7,1.1,0.895,470.1,172.7,112.1,1048.79,37.5,0.2632,0.9284,5,0.4045,182009.4,217093.6,28180162.1
NHTSA-2001-SI-0462,2001,Ram,1500,truck,side,2402.6,35.2,88.1,1.61,0.987,368.5,165.9,130.0,614.22,40.05,0.2249,0.6282,5,0.1687,94362.1,114850.2,33852441.3
NHTSA-2003-FR-0463,2003,Ram,1500,truck,frontal,2098.0,55.2,14.2,1.53,0.804,454.8,161.8,112.3,1140.19,43.07,0.0388,0.0173,3,0.344,207521.6,246631.6,12766035.0
NHTSA-2006-RO-0464,2006,Honda,CR-V,suv,rollover,2303.1,35.7,25.6,1.41,0.966,427.5,150.3,111.3,438.79,32.05,0.0,0.003,1,0.2101,96017.7,113243.7,8648296.5
NHTSA-2002-SI-0465,2002,Chevrolet,Silverado,truck,side,2038.9,50.3,93.9,1.72,0.87,497.4,172.9,113.8,1456.38,54.68,0.1923,0.335,4,0.2387,172814.3,199020.1,46667071.8
NHTSA-2004-RO-0466,2004,Tesla,Model Y,ev,rollover,2193.6,33.3,35.3,1.22,1.036,504.6,169.0,112.2,446.38,36.45,0.0,0.0048,1,0.1491,79097.6,93844.9,8643642.0
NHTSA-2023-RO-0467,2023,GMC,Sierra,truck,rollover,2399.2,48.1,33.0,1.23,0.756,442.5,162.9,116.4,600.85,28.36,0.0,0.0023,1,0.3779,187929.1,214151.7,15390942.8
NHTSA-2009-RO-0468,2009,Chevrolet,Malibu,sedan,rollover,1437.2,35.7,29.1,1.02,0.912,342.2,169.5,99.3,370.02,22.69,0.0174,0.0014,1,0.2667,59329.0,70667.3,8700855.5
NHTSA-2016-SI-0469,2016,Ram,1500,truck,side,2642.1,51.6,93.8,1.27,0.974,361.2,175.8,119.1,573.57,23.0,0.2748,0.9635,5,0.5436,236315.5,271402.4,29737004.5
NHTSA-2015-SI-0470,2015,Hyundai,Ioniq 5,ev,side,2344.4,49.5,85.8,1.66,1.051,430.7,155.6,111.7,1060.68,40.39,0.1907,0.2818,4,0.2921,186091.2,221619.1,23809890.7
NHTSA-2014-RO-0471,2014,Tesla,Model 3,ev,rollover,2393.0,31.6,38.6,1.64,1.063,369.2,168.1,114.4,353.38,33.45,0.0,0.0034,1,0.1529,81582.2,92189.6,10951381.5
NHTSA-2004-RO-0472,2004,Toyota,Camry,sedan,rollover,1400.9,32.9,39.2,1.38,0.877,421.4,145.5,107.0,412.86,36.99,0.0055,0.0052,1,0.1282,49244.5,58501.1,9268509.9
NHTSA-2006-FR-0473,2006,Hyundai,Ioniq 5,ev,frontal,1914.2,63.1,4.9,1.15,0.948,463.3,153.7,113.9,1336.1,36.72,0.0877,0.0261,3,0.4849,248033.4,294043.1,6229981.3
NHTSA-2017-FR-0474,2017,Hyundai,Tucson,suv,frontal,2298.7,62.8,5.3,1.26,0.98,415.0,152.5,115.2,690.06,30.0,0.0682,0.006,1,0.665,303845.5,349757.1,6307164.0
NHTSA-2004-RO-0475,2004,Toyota,Tundra,truck,rollover,2675.5,42.8,24.5,1.13,0.975,522.7,186.3,113.3,535.42,31.26,0.0,0.0029,1,0.3174,159894.8,189085.2,11470657.5
NHTSA-2022-FR-0476,2022,Toyota,Tundra,truck,frontal,2524.1,48.2,1.1,1.37,0.733,411.8,163.5,115.7,514.95,29.29,0.0597,0.0045,1,0.3727,191338.1,226238.0,14431741.5
NHTSA-2021-SI-0477,2021,Honda,CR-V,suv,side,2349.2,59.0,92.6,1.12,0.835,442.3,161.0,106.6,723.08,24.53,0.2275,0.6551,5,0.6342,258423.8,315492.5,27011660.1
NHTSA-2003-RO-0478,2003,Tesla,Model Y,ev,rollover,1801.3,34.7,21.6,1.7,0.913,511.0,163.9,112.8,482.45,62.89,0.0,0.1171,4,0.0985,73204.9,83677.8,14343767.3
NHTSA-2012-FR-0479,2012,Hyundai,Sonata,sedan,frontal,1262.8,49.0,4.7,1.45,0.942,327.3,150.1,104.5,815.89,34.8,0.057,0.0071,2,0.3038,97389.0,116974.6,7046432.3
NHTSA-2007-FR-0480,2007,Honda,CR-V,suv,frontal,1841.1,56.5,7.9,1.54,1.029,514.7,179.7,120.6,1305.91,50.75,0.0241,0.0398,3,0.2863,189148.8,226745.8,10534831.7
NHTSA-2021-RO-0481,2021,Honda,CR-V,suv,rollover,2203.3,47.4,33.5,1.27,0.901,358.7,164.9,120.1,510.93,25.13,0.0,0.0016,1,0.41,161959.3,190983.3,11753499.2
NHTSA-2003-FR-0482,2003,Ford,Explorer,suv,frontal,1953.1,54.0,8.5,1.58,0.918,341.7,161.7,117.0,828.57,32.92,0.0368,0.0053,2,0.4135,188435.2,219723.8,10376170.5
NHTSA-2012-SI-0483,2012,Honda,CR-V,suv,side,2246.1,41.7,85.7,1.08,0.781,439.8,172.1,123.1,561.06,28.98,0.2863,0.9825,5,0.3018,125312.3,150683.7,38412084.8
NHTSA-2010-RO-0484,2010,Hyundai,Sonata,sedan,rollover,1413.8,46.5,30.3,1.07,0.852,457.9,141.8,97.5,695.27,32.22,0.016,0.0038,1,0.3079,95860.8,117939.4,6772513.2
NHTSA-2008-RO-0485,2008,GMC,Sierra,truck,rollover,2091.2,45.5,20.2,1.41,0.816,550.5,186.0,121.5,919.35,49.6,0.0,0.0254,3,0.2064,143844.2,167025.7,21209203.6
NHTSA-2006-RO-0486,2006,Rivian,R1T,ev,rollover,2161.7,45.5,44.5,1.46,0.989,492.9,173.7,126.1,937.39,51.91,0.0,0.0333,3,0.2092,148704.7,172656.6,13047815.3
NHTSA-2021-FR-0487,2021,Toyota,Tundra,truck,frontal,2738.9,45.4,10.0,1.21,0.873,406.1,150.2,125.8,423.53,26.2,0.0715,0.0051,1,0.3895,186723.2,217797.5,7853309.4
NHTSA-2002-RO-0488,2002,Ram,1500,truck,rollover,2427.2,52.4,23.1,1.79,0.704,372.9,188.6,117.4,1134.98,34.64,0.0,0.0098,2,0.3584,221041.2,257118.4,36287730.1
NHTSA-2008-SI-0489,2008,Hyundai,Ioniq 5,ev,side,2396.9,46.2,90.0,1.14,0.941,406.4,173.5,112.6,639.41,28.45,0.2623,0.9242,5,0.4003,172633.5,197378.1,26767034.2
NHTSA-2008-RO-0490,2008,Toyota,Camry,sedan,rollover,1527.6,35.5,34.3,1.19,0.729,308.0,148.0,114.2,392.62,23.46,0.0169,0.0015,1,0.234,63313.2,74273.1,12649749.2
NHTSA-2009-FR-0491,2009,Chevrolet,Bolt,ev,frontal,2204.9,45.7,1.8,1.48,0.926,531.3,159.7,113.8,791.18,48.16,0.0367,0.0214,3,0.2103,147911.9,177658.6,9120498.1
NHTSA-2016-SI-0492,2016,Honda,CR-V,suv,side,1812.4,53.8,87.5,1.54,1.043,467.5,168.0,113.5,1446.75,40.48,0.1682,0.1596,4,0.3006,170309.5,202387.5,27214966.7
NHTSA-2010-RO-0493,2010,Hyundai,Ioniq 5,ev,rollover,1990.9,34.5,34.1,1.48,1.058,385.6,175.3,123.5,417.45,38.92,0.0,0.0064,1,0.1468,79572.5,91422.4,11635300.3
NHTSA-2007-SI-0494,2007,Toyota,RAV4,suv,side,1913.1,35.1,92.8,1.27,0.987,401.5,151.6,121.5,563.0,29.29,0.2168,0.5364,5,0.1863,78056.1,90932.0,20793433.2
NHTSA-2015-FR-0495,2015,Toyota,Tundra,truck,frontal,2052.8,57.2,7.7,1.13,0.979,460.1,168.7,129.3,904.45,34.87,0.0795,0.0107,2,0.4348,226500.1,259121.6,7790729.0
NHTSA-2024-SI-0496,2024,Honda,Accord,sedan,side,1399.0,52.4,90.5,0.99,0.878,448.2,144.9,115.0,996.89,28.64,0.367,1.0,5,0.3843,130114.2,148199.0,17849529.3
NHTSA-2019-RO-0497,2019,Hyundai,Tucson,suv,rollover,2131.1,49.6,40.9,1.41,0.922,433.3,149.2,111.7,811.53,30.75,0.0,0.0038,2,0.3548,171891.6,202270.3,9355633.3
NHTSA-2019-SI-0498,2019,GMC,Sierra,truck,side,2203.3,39.5,91.1,1.45,0.87,509.9,184.7,127.3,731.55,44.82,0.2272,0.6562,5,0.1652,113043.9,132627.3,49825441.2
NHTSA-2003-FR-0499,2003,Toyota,RAV4,suv,frontal,2338.7,49.6,13.1,1.54,0.903,379.2,159.2,119.0,658.29,32.68,0.0337,0.0043,1,0.389,194069.5,221974.4,10206771.3
NHTSA-2002-FR-0500,2002,Hyundai,Sonata,sedan,frontal,1554.3,48.8,12.9,1.23,0.933,485.6,148.9,114.4,939.47,40.94,0.0754,0.0145,2,0.2762,121030.4,142803.7,6398794.1
NHTSA-2009-FR-0501,2009,GMC,Sierra,truck,frontal,2178.9,59.2,8.5,1.37,0.968,445.9,188.0,118.3,1098.58,43.46,0.0528,0.0175,3,0.441,247634.7,294608.8,11666053.9
NHTSA-2004-RO-0502,2004,Chevrolet,Silverado,truck,rollover,2208.3,42.8,43.2,1.15,0.871,381.2,156.4,114.3,504.28,25.54,0.0,0.0017,1,0.3625,139903.0,156066.8,9750962.9
NHTSA-2013-SI-0503,2013,Tesla,Model 3,ev,side,1906.4,41.4,91.9,1.26,1.0,517.1,165.9,127.7,732.26,48.86,0.2891,0.9858,5,0.1744,112435.5,126060.7,25658434.8
NHTSA-2018-FR-0504,2018,Nissan,Altima,sedan,frontal,1543.1,47.7,1.4,0.99,0.995,485.3,160.2,104.9,670.15,29.85,0.0922,0.0107,1,0.3433,112301.9,135455.2,5088197.4
NHTSA-2011-RO-0505,2011,Toyota,Camry,sedan,rollover,1517.8,36.0,24.9,1.37,0.907,325.3,146.9,103.7,429.94,27.15,0.0042,0.0019,1,0.2174,63640.6,75890.0,8610881.8
NHTSA-2007-RO-0506,2007,Toyota,Camry,sedan,rollover,1551.7,39.5,29.1,1.04,0.774,445.5,155.2,112.5,549.75,28.54,0.0253,0.0027,1,0.2411,80940.1,93404.3,10873544.4
NHTSA-2006-SI-0507,2006,Toyota,RAV4,suv,side,1997.5,35.1,94.8,1.41,0.802,444.4,159.0,119.0,559.76,33.95,0.1989,0.3482,4,0.1662,84212.2,94943.7,38374034.2
NHTSA-2008-FR-0508,2008,Chevrolet,Equinox,suv,frontal,1945.8,45.7,2.1,1.17,0.753,474.9,174.0,114.8,651.87,33.15,0.0487,0.0051,1,0.2983,135400.2,156781.8,13496869.5
NHTSA-2014-SI-0509,2014,GMC,Sierra,truck,side,2589.8,55.5,93.8,1.29,0.903,414.9,155.5,125.6,977.21,30.78,0.242,0.7977,5,0.4851,258176.9,307763.6,27389999.3
NHTSA-2023-FR-0510,2023,Tesla,Model Y,ev,frontal,1921.7,47.1,11.3,1.23,1.049,533.8,173.1,122.0,813.55,40.36,0.0546,0.0105,2,0.2312,145327.4,164472.2,7518242.5
NHTSA-2014-FR-0511,2014,Toyota,Tundra,truck,frontal,2583.2,47.9,14.8,1.6,0.991,367.9,152.7,119.0,532.93,29.58,0.0369,0.0032,1,0.3819,204589.0,228662.0,7980528.7
NHTSA-2013-SI-0512,2013,Ram,1500,truck,side,2201.1,43.7,93.1,1.71,0.711,483.0,179.7,129.5,919.05,49.25,0.1935,0.3136,4,0.1753,138409.4,162168.9,83086364.8
NHTSA-2019-RO-0513,2019,Jeep,Grand Cherokee,suv,rollover,2040.6,54.6,25.0,1.18,0.955,406.7,154.5,123.6,778.09,29.41,0.0,0.0032,1,0.4482,192532.4,234697.3,8541656.5
NHTSA-2000-SI-0514,2000,Ford,Mustang Mach-E,ev,side,2074.6,35.3,93.6,1.3,1.027,527.0,154.5,114.8,538.52,45.72,0.2669,0.9422,5,0.1398,84164.3,99735.3,19724788.3
NHTSA-2022-RO-0515,2022,Chevrolet,Malibu,sedan,rollover,1558.2,36.6,22.3,1.33,0.891,342.3,149.2,105.8,372.98,26.16,0.0064,0.0017,1,0.2278,69783.5,80528.6,9116239.1
NHTSA-2024-SI-0516,2024,Rivian,R1T,ev,side,2248.4,48.9,89.1,1.13,1.062,488.8,166.3,128.1,899.45,30.45,0.3163,0.9978,5,0.3134,177493.4,207422.7,20614087.6
NHTSA-2007-SI-0517,2007,Chevrolet,Malibu,sedan,side,1350.4,58.4,95.0,1.12,0.916,492.3,169.7,108.6,1672.66,38.75,0.3204,0.9985,5,0.385,152289.3,177686.0,25724990.5
NHTSA-2015-FR-0518,2015,Rivian,R1T,ev,frontal,2464.1,61.5,14.1,1.29,0.852,538.9,175.5,125.2,1204.73,47.91,0.0839,0.0325,3,0.4182,305172.3,359561.8,12550982.2
NHTSA-2024-RO-0519,2024,Honda,CR-V,suv,rollover,2095.5,32.2,33.2,1.4,0.765,349.9,177.4,118.3,293.43,23.33,0.0,0.0012,1,0.1835,72923.5,83823.2,21056220.9
NHTSA-2020-FR-0520,2020,Toyota,RAV4,suv,frontal,1777.9,55.0,9.8,1.11,0.754,436.9,175.4,107.7,706.23,31.52,0.0635,0.0059,1,0.4605,179727.0,207490.3,12490369.3
NHTSA-2023-FR-0521,2023,Chevrolet,Equinox,suv,frontal,2256.1,61.6,9.5,1.41,0.966,403.9,146.8,117.4,886.5,33.36,0.0526,0.0067,2,0.5608,278377.9,330281.9,6717249.8
NHTSA-2016-FR-0522,2016,Rivian,R1T,ev,frontal,1832.1,58.3,8.9,1.68,1.093,485.3,173.4,124.3,1395.12,64.52,0.0322,0.1581,4,0.2583,206426.2,240243.3,9538138.2
NHTSA-2005-SI-0523,2005,Toyota,Tundra,truck,side,2303.3,49.6,92.9,1.53,0.987,371.2,159.6,128.4,925.54,33.83,0.2313,0.6966,5,0.3354,185047.2,218614.4,29196124.7
NHTSA-2010-RO-0524,2010,Rivian,R1T,ev,rollover,2129.5,45.2,34.0,1.32,0.896,394.0,168.2,119.6,705.66,33.87,0.0,0.0042,1,0.288,144511.3,167849.3,12888108.2
NHTSA-2000-SI-0525,2000,Nissan,Altima,sedan,side,1385.9,48.5,90.8,1.31,0.724,352.7,154.2,105.8,1018.32,33.69,0.3121,0.9971,5,0.3462,113430.3,125771.0,37627472.4
NHTSA-2015-RO-0526,2015,Hyundai,Tucson,suv,rollover,2348.3,38.0,45.0,1.24,0.961,491.4,175.7,122.9,522.79,31.57,0.0,0.003,1,0.2197,112345.0,130823.5,11892933.5
NHTSA-2006-FR-0527,2006,Jeep,Grand Cherokee,suv,frontal,1823.1,63.9,13.8,1.39,0.951,405.0,156.9,111.2,1179.43,36.99,0.0498,0.0137,3,0.5226,241213.0,287195.2,7683296.1
NHTSA-2023-RO-0528,2023,GMC,Sierra,truck,rollover,2032.2,51.3,40.6,1.26,0.716,531.1,168.1,119.4,1122.58,39.86,0.0,0.0127,3,0.2841,173807.1,206331.8,19238961.3
NHTSA-2023-SI-0529,2023,Chevrolet,Malibu,sedan,side,1483.5,52.0,89.4,0.92,0.788,365.9,150.0,97.0,534.25,19.73,0.3578,0.9999,5,0.5633,129848.3,154760.2,19887810.6
NHTSA-2002-RO-0530,2002,Hyundai,Tucson,suv,rollover,2209.5,52.4,21.2,1.46,0.905,516.4,152.4,110.0,1033.7,40.96,0.0,0.0118,3,0.3403,199812.4,234057.0,10441978.6
NHTSA-2011-FR-0531,2011,Chevrolet,Equinox,suv,frontal,2172.7,45.4,2.7,1.49,0.829,382.5,164.5,111.6,562.95,31.98,0.0286,0.0036,1,0.3203,144760.5,172773.2,12115574.5
NHTSA-2022-SI-0532,2022,Toyota,Tundra,truck,side,2068.9,38.9,87.9,1.41,0.779,485.6,163.1,120.5,696.03,38.51,0.2449,0.8212,5,0.1781,107987.8,120782.4,43538732.1
NHTSA-2010-RO-0533,2010,Chevrolet,Silverado,truck,rollover,2440.9,34.9,22.5,1.76,0.896,497.6,185.0,125.0,449.74,46.66,0.0,0.0163,3,0.1269,99637.5,114700.6,21960015.9
NHTSA-2012-RO-0534,2012,Toyota,Camry,sedan,rollover,1647.0,41.8,28.4,1.46,0.773,431.8,150.3,109.8,662.01,37.37,0.0037,0.0059,1,0.2118,93558.8,111022.5,13838376.1
NHTSA-2024-SI-0535,2024,GMC,Sierra,truck,side,2167.2,47.5,86.5,1.63,0.969,541.5,174.8,116.1,1018.82,46.29,0.208,0.4486,4,0.2207,166013.9,188647.6,37141813.1
NHTSA-2013-SI-0536,2013,Ford,Mustang Mach-E,ev,side,2282.0,46.6,93.9,1.24,0.889,455.6,166.1,129.6,915.92,36.3,0.3087,0.9963,5,0.2875,169786.3,191184.4,32388051.5
NHTSA-2000-RO-0537,2000,Chevrolet,Bolt,ev,rollover,2368.5,39.4,20.7,1.48,0.921,353.2,178.7,121.2,611.4,29.93,0.0,0.0027,1,0.2435,122758.4,141850.5,15857336.4
NHTSA-2013-RO-0538,2013,Chevrolet,Malibu,sedan,rollover,1559.9,45.6,26.6,0.99,0.784,490.8,156.9,96.8,494.61,27.59,0.0212,0.0023,1,0.3515,109952.1,125138.6,9364037.6
NHTSA-2000-RO-0539,2000,Nissan,Altima,sedan,rollover,1495.4,44.8,36.2,1.3,0.909,386.6,161.2,109.0,860.93,35.92,0.0101,0.0062,2,0.2854,100826.9,115792.0,10482081.1
NHTSA-2023-SI-0540,2023,Tesla,Model 3,ev,side,2293.4,50.9,94.7,1.63,0.977,384.3,168.3,112.4,930.53,36.16,0.1848,0.2331,4,0.3314,189025.7,229234.7,32691907.1
NHTSA-2015-FR-0541,2015,Nissan,Altima,sedan,frontal,1647.2,65.0,6.8,0.94,0.74,344.3,166.4,109.4,522.4,20.63,0.2432,0.8063,5,0.8611,235882.1,268496.1,9832310.6
NHTSA-2022-RO-0542,2022,Toyota,Tundra,truck,rollover,2214.7,47.3,31.4,1.67,0.864,447.9,152.9,117.2,814.38,41.16,0.0,0.0096,2,0.2555,167496.2,191162.3,13742025.3
NHTSA-2000-FR-0543,2000,Hyundai,Ioniq 5,ev,frontal,2045.8,55.1,7.9,1.65,1.02,496.9,170.2,127.3,1273.01,60.93,0.0373,0.1037,4,0.2509,207035.2,239624.6,10476879.5
NHTSA-2008-RO-0544,2008,Honda,Accord,sedan,rollover,1542.1,30.2,25.5,1.03,0.922,442.2,143.1,98.1,315.6,22.91,0.0179,0.0014,1,0.1686,46958.8,54261.5,5716488.3
NHTSA-2010-FR-0545,2010,Chevrolet,Bolt,ev,frontal,1944.0,48.6,14.6,1.45,0.914,358.9,153.0,123.8,809.74,37.55,0.0479,0.0079,2,0.2872,149069.5,177147.0,8812764.3
NHTSA-2015-SI-0546,2015,Nissan,Altima,sedan,side,1347.8,38.2,92.0,1.04,0.889,406.1,142.6,114.3,562.3,30.86,0.3952,1.0,5,0.2156,65915.2,75878.2,17530003.5
NHTSA-2011-SI-0547,2011,Nissan,Altima,sedan,side,1380.8,55.1,93.1,1.38,0.769,364.7,146.8,111.4,1465.02,37.91,0.2845,0.9809,5,0.3578,134039.2,161733.1,32407445.6
NHTSA-2006-SI-0548,2006,Jeep,Grand Cherokee,suv,side,2263.6,59.2,93.5,1.57,0.833,498.1,149.7,112.5,1660.32,40.79,0.1613,0.1658,4,0.4153,266158.1,306061.1,32977504.7
NHTSA-2014-FR-0549,2014,Chevrolet,Equinox,suv,frontal,2328.8,56.2,12.5,1.53,0.945,398.7,160.3,112.1,764.51,33.93,0.0408,0.0054,1,0.4874,243896.1,283772.2,9029884.1
NHTSA-2011-RO-0550,2011,Toyota,Tundra,truck,rollover,2242.3,37.2,30.3,1.31,0.826,527.4,180.5,110.4,542.68,36.74,0.0,0.0052,1,0.1785,99696.4,119713.9,16844824.4
NHTSA-2010-FR-0551,2010,Honda,Accord,sedan,frontal,1681.4,45.3,13.6,1.24,0.749,461.0,158.2,96.2,589.12,30.72,0.0752,0.0069,1,0.3126,113509.9,133116.7,10256134.0
NHTSA-2014-FR-0552,2014,Ram,1500,truck,frontal,2520.8,55.2,14.6,1.28,0.74,554.9,162.0,128.4,1069.19,44.87,0.0645,0.0199,3,0.3413,241945.2,296334.0,13951748.5
NHTSA-2001-RO-0553,2001,Hyundai,Sonata,sedan,rollover,1484.7,34.6,21.8,1.32,0.931,482.0,161.5,111.4,429.04,42.89,0.0105,0.0104,1,0.1346,58804.5,68573.4,10338268.3
NHTSA-2015-SI-0554,2015,Toyota,RAV4,suv,side,2196.8,43.8,91.4,1.11,0.813,392.2,170.8,107.6,511.06,21.77,0.2198,0.5692,5,0.4156,142317.5,162593.7,32667931.4
NHTSA-2011-RO-0555,2011,Ford,Explorer,suv,rollover,2195.1,47.9,32.2,1.33,0.754,409.3,167.0,114.7,780.17,33.34,0.0,0.0044,1,0.3556,160873.0,194307.8,17520443.1
NHTSA-2009-RO-0556,2009,Rivian,R1T,ev,rollover,2266.7,34.9,22.8,1.28,1.041,476.4,171.9,129.4,455.36,38.95,0.0047,0.0065,1,0.1461,88527.5,106514.8,10295012.2
NHTSA-2018-RO-0557,2018,Ford,Explorer,suv,rollover,2111.6,44.5,42.5,1.29,0.996,342.7,177.9,105.8,438.8,23.57,0.0,0.0013,1,0.4149,138911.4,161323.1,10725183.0
NHTSA-2001-SI-0558,2001,Rivian,R1T,ev,side,2044.8,42.5,94.4,1.32,1.091,478.8,152.6,126.8,905.12,43.42,0.2691,0.9492,5,0.2058,128395.5,142493.1,18497806.8
NHTSA-2018-FR-0559,2018,Toyota,Camry,sedan,frontal,1254.3,46.7,2.4,1.45,0.917,451.1,160.4,101.6,786.1,46.04,0.0451,0.0172,3,0.2158,90646.1,105535.9,8531682.7
NHTSA-2018-SI-0560,2018,Toyota,Camry,sedan,side,1664.3,37.5,88.9,1.26,0.819,348.2,164.5,112.9,487.02,25.34,0.3149,0.9976,5,0.2404,76440.9,90294.1,34438872.7
