mass_kg,velocity_kmh,angle_deg,a_pillar_thickness_mm,crumple_zone_length_m,yield_strength_mpa,section_height_mm,section_width_mm,year,vehicle_class_ev,vehicle_class_sedan,vehicle_class_suv,vehicle_class_truck,test_type_frontal,test_type_rollover,test_type_side
2143.9,49.1,8.7,1.29,0.843,399.7,167.5,116.2,2021.0,0.0,0.0,1.0,0.0,1.0,0.0,0.0
1427.8,53.4,12.5,1.12,0.703,468.5,148.6,108.0,2022.0,0.0,1.0,0.0,0.0,1.0,0.0,0.0
2793.2,55.0,93.5,1.66,0.87,390.8,179.2,116.7,2005.0,0.0,0.0,0.0,1.0,0.0,0.0,1.0
1683.4,54.4,85.6,1.12,0.775,439.7,169.1,110.3,2007.0,0.0,1.0,0.0,0.0,0.0,0.0,1.0
1305.2,64.5,9.7,0.99,0.862,374.6,141.4,112.9,2019.0,0.0,1.0,0.0,0.0,1.0,0.0,0.0
2114.4,43.3,91.0,1.46,0.891,453.5,158.2,116.6,2020.0,0.0,0.0,1.0,0.0,0.0,0.0,1.0
2493.5,43.7,38.6,1.6,0.786,546.5,178.1,120.5,2019.0,0.0,0.0,0.0,1.0,0.0,1.0,0.0
1732.3,45.7,27.7,1.24,0.897,456.1,146.5,108.6,2000.0,0.0,1.0,0.0,0.0,0.0,1.0,0.0
2746.5,52.9,85.2,1.47,0.791,469.2,183.9,127.6,2020.0,0.0,0.0,0.0,1.0,0.0,0.0,1.0
2342.2,62.5,13.6,1.6,1.056,363.4,166.3,127.8,2009.0,1.0,0.0,0.0,0.0,1.0,0.0,0.0
2186.7,57.3,9.5,1.74,0.732,513.8,179.9,112.8,2015.0,0.0,0.0,0.0,1.0,1.0,0.0,0.0
1305.3,31.4,33.7,1.08,0.803,326.2,161.7,99.2,2023.0,0.0,1.0,0.0,0.0,0.0,1.0,0.0
1723.0,55.0,3.3,1.41,0.829,490.9,142.5,100.8,2016.0,0.0,1.0,0.0,0.0,1.0,0.0,0.0
2176.6,51.6,12.0,1.58,0.871,377.8,176.1,124.6,2011.0,1.0,0.0,0.0,0.0,1.0,0.0,0.0
2066.2,60.8,2.4,1.02,0.809,441.3,164.6,115.4,2023.0,0.0,0.0,1.0,0.0,1.0,0.0,0.0
2444.5,44.1,87.8,1.38,1.077,409.9,169.4,124.1,2010.0,1.0,0.0,0.0,0.0,0.0,0.0,1.0
1267.9,32.1,39.2,1.23,0.944,405.0,167.3,102.7,2018.0,0.0,1.0,0.0,0.0,0.0,1.0,0.0
2388.0,54.7,31.3,1.48,0.926,382.0,152.8,127.2,2014.0,1.0,0.0,0.0,0.0,0.0,1.0,0.0
2748.4,50.8,9.5,1.72,0.967,379.8,185.9,125.2,2003.0,0.0,0.0,0.0,1.0,1.0,0.0,0.0
1905.8,49.7,22.9,1.17,0.79,434.1,148.9,108.9,2013.0,0.0,0.0,1.0,0.0,0.0,1.0,0.0
2785.1,52.4,28.8,1.34,0.743,418.8,165.9,110.6,2014.0,0.0,0.0,0.0,1.0,0.0,1.0,0.0
1687.1,54.9,43.5,1.23,0.835,411.1,154.5,96.5,2022.0,0.0,1.0,0.0,0.0,0.0,1.0,0.0
2129.7,41.0,94.2,1.22,0.9,533.2,167.1,112.4,2017.0,1.0,0.0,0.0,0.0,0.0,0.0,1.0
2265.7,56.5,14.5,1.4,1.036,484.9,148.9,113.0,2010.0,0.0,0.0,1.0,0.0,1.0,0.0,0.0
1949.6,32.4,44.6,1.27,0.974,430.8,169.7,123.2,2021.0,0.0,0.0,1.0,0.0,0.0,1.0,0.0
1869.0,36.5,86.9,1.58,1.013,479.2,158.7,114.8,2009.0,1.0,0.0,0.0,0.0,0.0,0.0,1.0
1767.3,47.9,2.6,1.49,0.975,421.9,150.2,117.7,2018.0,0.0,0.0,1.0,0.0,1.0,0.0,0.0
2281.0,59.2,92.9,1.45,0.778,485.2,170.8,126.5,2019.0,0.0,0.0,0.0,1.0,0.0,0.0,1.0
2742.3,43.4,31.1,1.55,0.978,543.5,189.2,128.9,2017.0,0.0,0.0,0.0,1.0,0.0,1.0,0.0
1534.7,52.2,8.1,1.38,0.781,461.1,146.7,95.6,2009.0,0.0,1.0,0.0,0.0,1.0,0.0,0.0
2141.8,40.7,26.7,1.29,0.862,427.1,164.0,122.0,2015.0,0.0,0.0,1.0,0.0,0.0,1.0,0.0
2133.2,59.1,2.5,1.37,0.902,525.1,169.2,123.2,2016.0,1.0,0.0,0.0,0.0,1.0,0.0,0.0
1950.0,54.4,38.9,1.45,0.968,365.2,150.1,126.2,2010.0,1.0,0.0,0.0,0.0,0.0,1.0,0.0
2202.2,45.1,5.2,1.69,0.947,506.1,186.0,118.7,2004.0,0.0,0.0,0.0,1.0,1.0,0.0,0.0
2544.6,42.4,35.0,1.74,0.864,537.7,168.0,112.1,2006.0,0.0,0.0,0.0,1.0,0.0,1.0,0.0
2671.3,54.0,2.5,1.67,0.856,372.7,182.8,129.1,2009.0,0.0,0.0,0.0,1.0,1.0,0.0,0.0
2299.9,48.6,86.2,1.33,1.035,497.3,168.9,123.6,2009.0,1.0,0.0,0.0,0.0,0.0,0.0,1.0
1290.6,36.4,86.8,1.31,0.887,300.8,158.6,111.4,2011.0,0.0,1.0,0.0,0.0,0.0,0.0,1.0
1700.1,52.9,9.1,1.44,0.763,351.8,162.8,96.2,2016.0,0.0,1.0,0.0,0.0,1.0,0.0,0.0
1313.4,42.8,87.5,1.07,0.821,469.4,141.6,106.6,2010.0,0.0,1.0,0.0,0.0,0.0,0.0,1.0
2370.7,57.2,8.5,1.14,0.869,558.4,168.2,128.7,2000.0,0.0,0.0,0.0,1.0,1.0,0.0,0.0
2730.7,43.2,31.2,1.62,0.952,461.1,160.3,128.9,2018.0,0.0,0.0,0.0,1.0,0.0,1.0,0.0
2408.4,46.9,41.3,1.36,0.867,353.9,177.7,110.8,2001.0,1.0,0.0,0.0,0.0,0.0,1.0,0.0
2562.7,64.9,6.8,1.26,0.799,482.1,188.1,110.6,2007.0,0.0,0.0,0.0,1.0,1.0,0.0,0.0
2119.9,53.4,8.2,1.18,0.909,450.3,163.5,111.5,2015.0,0.0,0.0,1.0,0.0,1.0,0.0,0.0
2520.9,49.9,2.6,1.43,0.823,426.0,183.7,121.9,2006.0,0.0,0.0,0.0,1.0,1.0,0.0,0.0
2793.3,57.3,10.7,1.11,0.853,419.2,160.8,121.3,2004.0,0.0,0.0,0.0,1.0,1.0,0.0,0.0
1298.5,39.3,31.9,1.48,0.902,356.7,160.9,107.9,2007.0,0.0,1.0,0.0,0.0,0.0,1.0,0.0
1840.8,37.1,92.4,1.43,0.985,493.9,147.1,115.5,2024.0,0.0,0.0,1.0,0.0,0.0,0.0,1.0
2666.2,30.7,33.3,1.44,0.823,441.3,163.0,127.7,2017.0,0.0,0.0,0.0,1.0,0.0,1.0,0.0
2540.8,47.9,10.4,1.57,0.955,444.0,161.2,124.2,2010.0,0.0,0.0,0.0,1.0,1.0,0.0,0.0
2268.2,46.9,85.6,1.43,0.9,472.5,175.4,117.3,2022.0,1.0,0.0,0.0,0.0,0.0,0.0,1.0
2365.5,51.9,32.9,1.44,0.853,451.1,172.3,123.5,2009.0,1.0,0.0,0.0,0.0,0.0,1.0,0.0
1553.6,47.7,13.5,1.16,0.847,499.6,147.3,111.3,2012.0,0.0,1.0,0.0,0.0,1.0,0.0,0.0
1637.6,43.6,92.6,1.14,0.716,459.0,166.1,109.8,2018.0,0.0,1.0,0.0,0.0,0.0,0.0,1.0
2286.4,45.7,12.9,1.2,0.841,385.4,153.7,114.1,2010.0,0.0,0.0,0.0,1.0,1.0,0.0,0.0
1916.3,30.1,37.8,1.12,1.019,359.4,164.6,113.9,2005.0,0.0,0.0,1.0,0.0,0.0,1.0,0.0
2304.7,48.9,0.0,1.4,0.932,457.5,173.4,109.8,2016.0,0.0,0.0,1.0,0.0,1.0,0.0,0.0
2397.5,62.5,5.7,1.24,0.829,410.4,152.5,114.7,2018.0,0.0,0.0,0.0,1.0,1.0,0.0,0.0
2003.3,39.0,90.7,1.09,1.003,421.5,165.6,110.9,2021.0,0.0,0.0,1.0,0.0,0.0,0.0,1.0
1730.9,50.4,94.2,1.28,0.906,433.3,151.1,95.6,2011.0,0.0,1.0,0.0,0.0,0.0,0.0,1.0
1290.2,45.0,88.6,1.02,0.879,339.0,143.6,114.9,2015.0,0.0,1.0,0.0,0.0,0.0,0.0,1.0
1933.6,32.8,28.7,1.42,0.898,393.1,168.9,112.3,2008.0,0.0,0.0,1.0,0.0,0.0,1.0,0.0
2371.7,50.9,42.9,1.35,0.947,513.8,173.9,121.6,2024.0,1.0,0.0,0.0,0.0,0.0,1.0,0.0
1671.0,43.4,86.2,1.17,0.833,451.8,149.3,105.0,2013.0,0.0,1.0,0.0,0.0,0.0,0.0,1.0
2074.0,39.7,88.3,1.15,1.079,456.2,151.9,111.3,2009.0,1.0,0.0,0.0,0.0,0.0,0.0,1.0
1933.7,48.9,41.0,1.44,1.075,461.7,164.2,126.7,2016.0,1.0,0.0,0.0,0.0,0.0,1.0,0.0
1866.5,42.1,89.7,1.49,1.005,440.2,160.5,116.5,2001.0,1.0,0.0,0.0,0.0,0.0,0.0,1.0
2106.7,55.9,8.1,1.14,0.753,496.1,149.8,115.3,2013.0,0.0,0.0,1.0,0.0,1.0,0.0,0.0
1277.0,39.2,34.4,1.05,0.803,423.3,146.0,114.3,2020.0,0.0,1.0,0.0,0.0,0.0,1.0,0.0
1931.0,45.2,21.0,1.25,1.027,357.7,172.5,105.2,2024.0,0.0,0.0,1.0,0.0,0.0,1.0,0.0
2299.3,48.3,94.5,1.55,0.939,383.3,162.2,114.8,2016.0,1.0,0.0,0.0,0.0,0.0,0.0,1.0
1793.5,44.1,42.9,1.32,0.804,352.0,161.1,119.9,2011.0,0.0,0.0,1.0,0.0,0.0,1.0,0.0
2276.7,39.5,44.5,1.55,0.845,417.4,177.8,121.2,2018.0,0.0,0.0,1.0,0.0,0.0,1.0,0.0
2034.9,52.7,40.3,1.48,0.958,360.8,157.0,112.0,2001.0,1.0,0.0,0.0,0.0,0.0,1.0,0.0
1729.2,51.5,22.6,1.27,0.95,449.5,164.6,105.1,2023.0,0.0,1.0,0.0,0.0,0.0,1.0,0.0
2216.9,45.9,14.4,1.29,1.0,354.5,165.6,111.6,2009.0,0.0,0.0,1.0,0.0,1.0,0.0,0.0
1560.2,50.2,5.3,1.36,0.961,424.4,148.1,104.5,2013.0,0.0,1.0,0.0,0.0,1.0,0.0,0.0
2281.3,31.3,35.0,1.67,0.89,381.1,153.7,126.9,2001.0,1.0,0.0,0.0,0.0,0.0,1.0,0.0
2341.1,51.0,5.7,1.26,1.04,505.6,156.0,116.8,2004.0,1.0,0.0,0.0,0.0,1.0,0.0,0.0
2209.8,53.7,92.7,1.7,1.006,460.8,169.1,119.1,2009.0,1.0,0.0,0.0,0.0,0.0,0.0,1.0
1891.4,38.9,85.3,1.06,0.766,401.5,167.8,121.4,2003.0,0.0,0.0,1.0,0.0,0.0,0.0,1.0
2447.2,31.8,20.3,1.27,0.943,427.7,167.7,117.5,2009.0,1.0,0.0,0.0,0.0,0.0,1.0,0.0
1972.2,37.5,91.7,1.46,0.878,431.2,164.4,109.8,2010.0,0.0,0.0,1.0,0.0,0.0,0.0,1.0
1767.7,57.9,14.8,1.06,0.855,461.2,165.6,112.5,2021.0,0.0,0.0,1.0,0.0,1.0,0.0,0.0
1674.4,54.0,6.2,1.18,0.739,351.1,161.1,106.5,2004.0,0.0,1.0,0.0,0.0,1.0,0.0,0.0
1945.0,43.5,86.3,1.13,0.924,386.0,162.8,122.0,2006.0,1.0,0.0,0.0,0.0,0.0,0.0,1.0
2148.7,50.8,2.6,1.53,0.909,414.1,171.6,114.1,2010.0,0.0,0.0,0.0,1.0,1.0,0.0,0.0
2654.3,32.9,28.4,1.31,0.704,387.6,184.8,125.4,2015.0,0.0,0.0,0.0,1.0,0.0,1.0,0.0
2109.6,49.0,44.0,1.07,0.872,354.0,154.9,118.2,2015.0,0.0,0.0,1.0,0.0,0.0,1.0,0.0
2017.8,55.8,14.2,1.16,0.827,494.7,178.0,107.2,2024.0,0.0,0.0,1.0,0.0,1.0,0.0,0.0
2018.5,50.8,89.8,1.37,0.833,428.0,154.4,129.2,2018.0,0.0,0.0,0.0,1.0,0.0,0.0,1.0
2185.9,60.4,7.2,1.75,0.77,546.9,171.6,129.5,2017.0,0.0,0.0,0.0,1.0,1.0,0.0,0.0
2256.4,33.9,23.1,1.13,0.94,469.0,169.5,118.2,2014.0,0.0,0.0,0.0,1.0,0.0,1.0,0.0
1494.2,47.3,90.4,1.19,0.741,326.6,168.3,102.6,2014.0,0.0,1.0,0.0,0.0,0.0,0.0,1.0
1482.6,54.1,34.0,0.93,0.865,323.5,141.8,112.9,2014.0,0.0,1.0,0.0,0.0,0.0,1.0,0.0
1639.1,42.5,90.8,1.1,0.967,469.8,159.5,112.1,2014.0,0.0,1.0,0.0,0.0,0.0,0.0,1.0
1788.6,52.9,5.8,1.36,1.046,476.3,157.5,106.1,2005.0,0.0,0.0,1.0,0.0,1.0,0.0,0.0
1696.9,43.6,20.5,1.24,0.973,324.7,140.5,95.5,2017.0,0.0,1.0,0.0,0.0,0.0,1.0,0.0
2308.5,35.7,85.4,1.28,0.793,457.2,164.4,122.8,2011.0,0.0,0.0,0.0,1.0,0.0,0.0,1.0
2289.8,40.0,87.7,1.2,0.744,421.4,150.1,115.1,2024.0,0.0,0.0,0.0,1.0,0.0,0.0,1.0
1309.8,51.4,3.4,1.03,0.704,334.9,148.3,104.6,2016.0,0.0,1.0,0.0,0.0,1.0,0.0,0.0
2199.1,42.5,23.5,1.49,1.072,354.3,178.1,115.8,2004.0,1.0,0.0,0.0,0.0,0.0,1.0,0.0
1422.5,51.9,8.7,1.42,0.902,433.7,146.9,106.4,2002.0,0.0,1.0,0.0,0.0,1.0,0.0,0.0
1811.0,35.6,35.7,1.52,0.989,395.2,174.6,105.8,2011.0,0.0,0.0,1.0,0.0,0.0,1.0,0.0
2311.7,47.3,42.1,1.46,0.901,506.7,153.4,112.5,2009.0,0.0,0.0,0.0,1.0,0.0,1.0,0.0
2333.3,63.2,7.8,1.43,0.959,353.3,178.3,122.5,2023.0,1.0,0.0,0.0,0.0,1.0,0.0,0.0
2339.8,47.5,8.7,1.58,1.056,371.3,154.7,127.9,2020.0,1.0,0.0,0.0,0.0,1.0,0.0,0.0
1929.3,62.4,9.6,1.49,0.891,507.7,154.5,114.6,2002.0,0.0,0.0,1.0,0.0,1.0,0.0,0.0
2469.9,59.6,8.7,1.56,0.894,441.5,154.7,128.5,2017.0,1.0,0.0,0.0,0.0,1.0,0.0,0.0
2298.2,45.3,90.8,1.09,0.927,394.3,146.0,115.9,2023.0,0.0,0.0,1.0,0.0,0.0,0.0,1.0
1507.9,32.4,44.5,1.49,0.756,382.5,141.5,98.8,2007.0,0.0,1.0,0.0,0.0,0.0,1.0,0.0
1865.9,37.0,92.1,1.46,1.091,507.4,159.0,115.0,2000.0,1.0,0.0,0.0,0.0,0.0,0.0,1.0
1968.2,58.5,94.6,1.14,1.01,462.7,179.9,120.9,2011.0,0.0,0.0,1.0,0.0,0.0,0.0,1.0
2088.0,41.2,34.7,1.33,0.855,351.5,146.0,112.4,2022.0,0.0,0.0,1.0,0.0,0.0,1.0,0.0
1627.2,49.5,14.6,1.04,0.774,326.1,154.7,107.1,2018.0,0.0,1.0,0.0,0.0,1.0,0.0,0.0
1392.3,45.2,32.9,0.91,0.874,406.3,154.6,95.6,2004.0,0.0,1.0,0.0,0.0,0.0,1.0,0.0
1880.5,52.5,38.8,1.27,1.016,365.8,146.6,115.1,2018.0,0.0,0.0,1.0,0.0,0.0,1.0,0.0
2124.3,50.1,85.5,1.19,1.033,433.2,160.8,128.5,2021.0,1.0,0.0,0.0,0.0,0.0,0.0,1.0
1820.1,63.1,6.6,1.19,0.802,377.3,166.5,108.6,2013.0,0.0,0.0,1.0,0.0,1.0,0.0,0.0
2318.5,36.9,34.3,1.07,1.046,452.3,145.5,112.4,2024.0,0.0,0.0,1.0,0.0,0.0,1.0,0.0
2468.5,39.3,20.5,1.43,0.881,389.0,175.8,123.6,2015.0,1.0,0.0,0.0,0.0,0.0,1.0,0.0
1675.0,34.9,27.5,1.46,0.924,410.0,155.8,95.2,2000.0,0.0,1.0,0.0,0.0,0.0,1.0,0.0
2186.1,49.8,41.1,1.39,0.819,476.3,177.3,126.1,2018.0,0.0,0.0,0.0,1.0,0.0,1.0,0.0
2292.0,53.4,94.6,1.56,0.865,430.8,150.2,129.1,2020.0,0.0,0.0,0.0,1.0,0.0,0.0,1.0
2346.2,30.6,28.6,1.55,1.023,345.6,175.0,118.1,2004.0,0.0,0.0,1.0,0.0,0.0,1.0,0.0
2120.3,53.4,86.2,1.27,0.756,468.2,152.4,116.0,2008.0,0.0,0.0,1.0,0.0,0.0,0.0,1.0
1505.7,38.4,36.1,1.31,0.76,484.0,150.8,114.5,2013.0,0.0,1.0,0.0,0.0,0.0,1.0,0.0
2337.1,38.2,44.5,1.37,0.846,383.3,149.5,121.4,2007.0,0.0,0.0,1.0,0.0,0.0,1.0,0.0
1745.6,42.0,27.3,1.25,0.998,354.1,148.5,113.2,2014.0,0.0,1.0,0.0,0.0,0.0,1.0,0.0
1873.5,47.9,0.3,1.41,1.005,414.4,149.0,113.2,2018.0,0.0,0.0,1.0,0.0,1.0,0.0,0.0
2203.3,56.8,88.4,1.41,1.024,433.2,164.3,125.7,2008.0,1.0,0.0,0.0,0.0,0.0,0.0,1.0
1547.5,42.1,42.0,1.4,0.91,492.8,163.0,96.0,2001.0,0.0,1.0,0.0,0.0,0.0,1.0,0.0
1854.1,45.4,93.3,1.39,0.896,466.3,178.1,118.9,2010.0,0.0,0.0,1.0,0.0,0.0,0.0,1.0
2094.4,53.0,8.1,1.33,0.865,478.8,176.1,124.9,2008.0,0.0,0.0,0.0,1.0,1.0,0.0,0.0
1708.2,55.2,9.8,1.5,0.871,336.4,152.6,97.7,2023.0,0.0,1.0,0.0,0.0,1.0,0.0,0.0
2349.2,50.9,24.3,1.23,1.032,350.9,165.4,114.9,2012.0,0.0,0.0,1.0,0.0,0.0,1.0,0.0
2489.4,56.5,13.5,1.55,0.782,445.6,163.3,114.6,2001.0,0.0,0.0,0.0,1.0,1.0,0.0,0.0
2001.4,43.3,24.9,1.57,0.957,534.4,151.4,125.8,2022.0,0.0,0.0,0.0,1.0,0.0,1.0,0.0
1493.1,60.7,14.9,1.24,0.879,491.1,163.1,95.6,2024.0,0.0,1.0,0.0,0.0,1.0,0.0,0.0
2435.7,54.5,90.9,1.55,0.899,425.1,171.4,124.6,2015.0,1.0,0.0,0.0,0.0,0.0,0.0,1.0
2206.1,35.3,86.7,1.49,0.964,447.2,187.1,118.3,2001.0,0.0,0.0,0.0,1.0,0.0,0.0,1.0
2425.2,58.3,9.6,1.69,0.885,386.4,172.1,111.4,2011.0,1.0,0.0,0.0,0.0,1.0,0.0,0.0
2397.6,39.7,40.5,1.62,0.88,444.3,182.0,119.3,2022.0,0.0,0.0,0.0,1.0,0.0,1.0,0.0
2006.3,49.1,86.2,1.51,0.915,489.2,177.1,122.6,2005.0,0.0,0.0,1.0,0.0,0.0,0.0,1.0
1597.5,47.4,13.4,1.23,0.904,324.8,142.5,112.8,2003.0,0.0,1.0,0.0,0.0,1.0,0.0,0.0
1961.6,39.0,93.1,1.45,0.951,355.1,156.5,121.6,2002.0,0.0,0.0,1.0,0.0,0.0,0.0,1.0
2125.4,54.1,39.6,1.26,0.946,415.3,179.0,117.9,2006.0,1.0,0.0,0.0,0.0,0.0,1.0,0.0
2124.0,52.6,91.9,1.13,1.03,448.7,156.2,115.0,2011.0,1.0,0.0,0.0,0.0,0.0,0.0,1.0
2405.7,46.1,2.9,1.61,0.854,382.9,189.0,127.1,2015.0,0.0,0.0,0.0,1.0,1.0,0.0,0.0
1604.2,54.9,93.6,0.91,0.999,335.4,143.3,105.8,2024.0,0.0,1.0,0.0,0.0,0.0,0.0,1.0
1359.0,50.3,9.1,0.9,0.771,438.4,149.1,112.5,2014.0,0.0,1.0,0.0,0.0,1.0,0.0,0.0
2296.1,47.0,24.6,1.14,0.967,370.7,176.1,112.3,2012.0,0.0,0.0,0.0,1.0,0.0,1.0,0.0
2707.0,59.3,10.0,1.54,0.785,430.9,153.7,125.7,2014.0,0.0,0.0,0.0,1.0,1.0,0.0,0.0
2156.3,46.9,41.7,1.52,0.956,409.5,157.2,122.3,2005.0,1.0,0.0,0.0,0.0,0.0,1.0,0.0
1506.6,50.0,92.6,1.16,0.958,499.1,169.9,107.6,2023.0,0.0,1.0,0.0,0.0,0.0,0.0,1.0
1666.3,33.7,24.8,1.46,0.968,420.8,144.9,104.4,2023.0,0.0,1.0,0.0,0.0,0.0,1.0,0.0
2156.4,52.8,39.2,1.69,0.808,372.4,152.9,121.6,2013.0,0.0,0.0,0.0,1.0,0.0,1.0,0.0
2146.4,37.2,92.9,1.55,0.766,381.8,169.1,129.2,2003.0,0.0,0.0,0.0,1.0,0.0,0.0,1.0
2143.2,40.4,44.5,1.04,0.908,400.7,158.4,111.1,2003.0,0.0,0.0,1.0,0.0,0.0,1.0,0.0
1590.2,64.2,4.7,1.08,0.999,367.4,160.4,111.8,2005.0,0.0,1.0,0.0,0.0,1.0,0.0,0.0
1460.3,57.3,6.3,1.45,0.707,352.6,153.1,113.6,2000.0,0.0,1.0,0.0,0.0,1.0,0.0,0.0
2340.6,41.3,90.4,1.02,0.823,425.4,177.9,115.3,2013.0,0.0,0.0,1.0,0.0,0.0,0.0,1.0
1546.1,41.1,94.9,1.1,0.738,330.8,160.8,108.6,2014.0,0.0,1.0,0.0,0.0,0.0,0.0,1.0
1623.0,38.9,31.6,1.18,0.734,481.2,142.0,108.8,2002.0,0.0,1.0,0.0,0.0,0.0,1.0,0.0
2157.6,38.2,90.1,1.38,0.938,389.9,150.7,121.3,2003.0,0.0,0.0,1.0,0.0,0.0,0.0,1.0
2186.6,35.9,94.2,1.58,0.827,522.5,182.5,121.4,2012.0,0.0,0.0,0.0,1.0,0.0,0.0,1.0
1729.0,50.5,13.7,1.43,0.943,471.9,165.3,114.6,2023.0,0.0,1.0,0.0,0.0,1.0,0.0,0.0
2404.2,36.2,93.5,1.28,0.9,356.7,161.8,127.4,2019.0,1.0,0.0,0.0,0.0,0.0,0.0,1.0
2371.0,40.5,94.0,1.51,0.882,361.4,160.3,128.9,2016.0,0.0,0.0,0.0,1.0,0.0,0.0,1.0
2265.6,42.9,34.4,1.33,0.899,382.7,154.3,116.7,2007.0,1.0,0.0,0.0,0.0,0.0,1.0,0.0
1619.5,57.3,12.0,1.48,0.833,405.0,150.9,95.7,2021.0,0.0,1.0,0.0,0.0,1.0,0.0,0.0
1863.7,43.4,30.9,1.58,0.82,406.7,172.4,108.9,2006.0,0.0,0.0,1.0,0.0,0.0,1.0,0.0
1345.2,33.0,28.2,1.37,0.993,353.2,164.0,112.4,2021.0,0.0,1.0,0.0,0.0,0.0,1.0,0.0
1326.3,49.1,9.8,1.32,0.866,341.4,155.8,109.0,2009.0,0.0,1.0,0.0,0.0,1.0,0.0,0.0
1869.2,59.7,92.7,1.41,1.02,359.2,162.8,127.2,2003.0,1.0,0.0,0.0,0.0,0.0,0.0,1.0
1539.8,52.5,13.1,1.15,0.974,403.3,163.9,104.4,2016.0,0.0,1.0,0.0,0.0,1.0,0.0,0.0
1558.0,52.7,90.2,1.3,0.846,344.3,150.7,112.2,2005.0,0.0,1.0,0.0,0.0,0.0,0.0,1.0
2171.7,40.9,26.1,1.21,0.837,413.2,148.4,110.9,2019.0,0.0,0.0,1.0,0.0,0.0,1.0,0.0
1980.2,51.5,87.2,1.06,0.956,393.3,171.4,112.9,2012.0,0.0,0.0,1.0,0.0,0.0,0.0,1.0
2592.0,32.5,37.6,1.43,0.775,547.1,155.7,129.6,2000.0,0.0,0.0,0.0,1.0,0.0,1.0,0.0
1900.2,51.7,21.1,1.17,0.777,496.9,150.8,111.1,2015.0,0.0,0.0,1.0,0.0,0.0,1.0,0.0
2491.4,60.9,1.9,1.25,0.947,458.2,151.8,121.3,2021.0,1.0,0.0,0.0,0.0,1.0,0.0,0.0
2177.9,49.8,94.0,1.47,1.043,494.4,167.0,123.6,2016.0,0.0,0.0,1.0,0.0,0.0,0.0,1.0
2680.8,47.5,39.0,1.44,0.713,397.6,159.4,127.4,2022.0,0.0,0.0,0.0,1.0,0.0,1.0,0.0
2014.0,51.8,89.6,1.22,0.95,450.0,168.1,128.7,2010.0,1.0,0.0,0.0,0.0,0.0,0.0,1.0
2237.3,60.4,8.9,1.18,1.061,435.1,163.9,114.2,2020.0,1.0,0.0,0.0,0.0,1.0,0.0,0.0
1504.6,52.4,87.8,1.24,0.962,496.6,160.4,109.7,2001.0,0.0,1.0,0.0,0.0,0.0,0.0,1.0
2135.4,59.8,9.1,1.5,0.83,448.3,153.9,120.9,2005.0,0.0,0.0,1.0,0.0,1.0,0.0,0.0
2381.1,59.9,88.3,1.42,0.999,512.7,157.2,121.5,2019.0,1.0,0.0,0.0,0.0,0.0,0.0,1.0
1637.8,64.9,5.2,1.21,0.729,499.8,148.8,101.7,2016.0,0.0,1.0,0.0,0.0,1.0,0.0,0.0
2436.5,43.4,33.5,1.44,1.046,451.5,176.0,127.1,2002.0,1.0,0.0,0.0,0.0,0.0,1.0,0.0
1367.6,55.5,10.3,1.12,0.717,391.3,153.1,95.2,2004.0,0.0,1.0,0.0,0.0,1.0,0.0,0.0
1995.2,48.6,92.7,1.66,0.981,504.1,156.9,129.1,2004.0,1.0,0.0,0.0,0.0,0.0,0.0,1.0
2075.2,43.7,20.3,1.56,0.878,376.1,168.2,125.1,2003.0,1.0,0.0,0.0,0.0,0.0,1.0,0.0
1415.7,40.4,86.8,1.48,0.796,492.8,146.1,113.9,2017.0,0.0,1.0,0.0,0.0,0.0,0.0,1.0
2178.1,46.5,21.3,1.4,0.95,463.7,169.6,123.2,2021.0,1.0,0.0,0.0,0.0,0.0,1.0,0.0
2407.6,36.2,91.6,1.51,0.838,374.3,159.7,111.5,2008.0,0.0,0.0,0.0,1.0,0.0,0.0,1.0
1994.2,57.8,85.9,1.16,1.053,392.9,179.3,110.1,2000.0,1.0,0.0,0.0,0.0,0.0,0.0,1.0
2000.2,44.2,93.7,1.7,0.811,417.8,174.7,114.9,2010.0,0.0,0.0,0.0,1.0,0.0,0.0,1.0
1595.1,50.9,6.0,1.07,0.965,316.0,146.8,108.2,2008.0,0.0,1.0,0.0,0.0,1.0,0.0,0.0
1817.4,59.6,14.6,1.27,0.994,412.4,173.8,126.3,2007.0,1.0,0.0,0.0,0.0,1.0,0.0,0.0
2192.9,40.3,23.4,1.12,0.879,459.3,161.2,123.9,2007.0,0.0,0.0,0.0,1.0,0.0,1.0,0.0
2388.6,54.4,90.3,1.59,1.09,515.3,151.0,110.8,2008.0,1.0,0.0,0.0,0.0,0.0,0.0,1.0
1992.5,53.2,44.3,1.3,0.792,403.6,174.2,124.1,2011.0,0.0,0.0,1.0,0.0,0.0,1.0,0.0
1458.3,53.7,36.0,1.17,0.811,412.9,164.6,97.4,2003.0,0.0,1.0,0.0,0.0,0.0,1.0,0.0
2707.6,61.0,13.2,1.15,0.729,476.8,150.7,118.1,2001.0,0.0,0.0,0.0,1.0,1.0,0.0,0.0
2012.6,32.7,34.5,1.22,0.921,433.5,154.4,114.6,2002.0,1.0,0.0,0.0,0.0,0.0,1.0,0.0
2659.7,59.0,89.3,1.23,0.789,396.1,168.2,113.8,2011.0,0.0,0.0,0.0,1.0,0.0,0.0,1.0
2131.4,43.4,27.0,1.42,0.716,450.5,156.7,117.3,2024.0,0.0,0.0,0.0,1.0,0.0,1.0,0.0
1671.0,49.2,38.3,1.48,0.797,414.5,168.2,105.8,2005.0,0.0,1.0,0.0,0.0,0.0,1.0,0.0
1820.5,48.6,86.6,1.29,0.946,445.7,147.9,118.9,2014.0,0.0,0.0,1.0,0.0,0.0,0.0,1.0
2295.1,38.9,90.6,1.16,1.042,468.7,162.1,119.8,2002.0,0.0,0.0,1.0,0.0,0.0,0.0,1.0
2102.5,61.5,10.5,1.21,0.958,349.9,159.6,110.3,2001.0,0.0,0.0,1.0,0.0,1.0,0.0,0.0
2131.2,34.8,31.3,1.67,0.96,404.2,160.2,128.6,2022.0,1.0,0.0,0.0,0.0,0.0,1.0,0.0
2256.1,57.5,13.2,1.63,0.861,552.5,161.5,110.2,2003.0,0.0,0.0,0.0,1.0,1.0,0.0,0.0
2198.9,34.8,21.0,1.61,0.925,374.8,155.5,113.3,2001.0,1.0,0.0,0.0,0.0,0.0,1.0,0.0
1474.5,44.2,91.3,1.07,0.943,445.5,162.4,105.6,2021.0,0.0,1.0,0.0,0.0,0.0,0.0,1.0
2670.2,46.6,36.6,1.44,0.829,528.6,159.6,129.6,2012.0,0.0,0.0,0.0,1.0,0.0,1.0,0.0
1733.2,52.4,92.7,1.29,0.843,467.6,168.1,109.5,2005.0,0.0,1.0,0.0,0.0,0.0,0.0,1.0
2242.9,45.3,32.8,1.17,0.856,500.1,169.0,127.0,2001.0,1.0,0.0,0.0,0.0,0.0,1.0,0.0
2426.0,49.8,4.7,1.39,1.03,382.8,178.1,115.7,2017.0,1.0,0.0,0.0,0.0,1.0,0.0,0.0
2110.0,45.8,0.3,1.26,1.021,478.2,174.7,114.9,2020.0,0.0,0.0,1.0,0.0,1.0,0.0,0.0
2482.8,59.0,7.7,1.24,0.988,490.7,173.6,122.0,2004.0,1.0,0.0,0.0,0.0,1.0,0.0,0.0
1318.5,53.1,90.4,1.02,0.74,335.9,146.1,99.4,2012.0,0.0,1.0,0.0,0.0,0.0,0.0,1.0
2089.3,49.2,8.8,1.24,0.894,397.1,174.2,122.6,2003.0,1.0,0.0,0.0,0.0,1.0,0.0,0.0
1546.5,54.2,91.2,0.95,0.748,397.4,164.4,97.9,2017.0,0.0,1.0,0.0,0.0,0.0,0.0,1.0
2213.9,31.7,29.7,1.12,0.855,418.2,170.5,110.4,2016.0,0.0,0.0,1.0,0.0,0.0,1.0,0.0
2280.0,54.8,7.3,1.42,0.922,346.0,161.0,113.4,2019.0,0.0,0.0,1.0,0.0,1.0,0.0,0.0
2245.4,52.8,94.9,1.25,0.855,460.5,164.5,111.9,2004.0,1.0,0.0,0.0,0.0,0.0,0.0,1.0
1975.1,53.8,37.8,1.55,0.848,435.6,161.8,120.2,2007.0,0.0,0.0,1.0,0.0,0.0,1.0,0.0
2779.6,58.8,0.2,1.29,0.744,371.9,183.4,124.1,2001.0,0.0,0.0,0.0,1.0,1.0,0.0,0.0
2183.2,46.1,26.7,1.02,0.761,401.5,153.4,109.5,2008.0,0.0,0.0,1.0,0.0,0.0,1.0,0.0
1685.9,53.4,42.0,0.91,0.807,438.7,154.4,113.0,2014.0,0.0,1.0,0.0,0.0,0.0,1.0,0.0
2418.3,37.7,24.5,1.31,0.962,427.9,174.6,113.3,2022.0,1.0,0.0,0.0,0.0,0.0,1.0,0.0
1827.9,45.0,3.7,1.32,1.008,381.6,157.5,129.9,2021.0,1.0,0.0,0.0,0.0,1.0,0.0,0.0
2091.9,53.6,87.5,1.33,0.827,545.1,165.9,111.3,2006.0,0.0,0.0,0.0,1.0,0.0,0.0,1.0
2097.6,58.6,5.9,1.37,1.068,386.6,164.7,119.3,2012.0,1.0,0.0,0.0,0.0,1.0,0.0,0.0
2536.7,41.6,28.9,1.18,0.839,444.0,187.8,127.1,2006.0,0.0,0.0,0.0,1.0,0.0,1.0,0.0
1923.2,60.3,7.8,1.45,0.895,473.8,154.0,112.6,2007.0,0.0,0.0,1.0,0.0,1.0,0.0,0.0
2237.5,45.8,93.8,1.65,0.875,400.2,150.8,127.7,2012.0,1.0,0.0,0.0,0.0,0.0,0.0,1.0
2077.5,61.7,8.5,1.43,0.855,423.3,164.9,118.4,2007.0,0.0,0.0,1.0,0.0,1.0,0.0,0.0
1850.4,58.9,13.0,1.46,1.082,453.4,160.3,111.5,2022.0,1.0,0.0,0.0,0.0,1.0,0.0,0.0
2319.0,35.1,38.7,1.31,1.039,522.4,159.5,129.9,2010.0,1.0,0.0,0.0,0.0,0.0,1.0,0.0
1663.6,56.5,94.5,0.99,0.975,433.6,158.1,113.0,2024.0,0.0,1.0,0.0,0.0,0.0,0.0,1.0
2069.4,36.3,43.2,1.31,0.832,515.4,162.9,110.7,2013.0,0.0,0.0,1.0,0.0,0.0,1.0,0.0
2357.9,37.6,41.5,1.69,1.008,366.9,151.8,113.7,2021.0,1.0,0.0,0.0,0.0,0.0,1.0,0.0
2321.6,47.0,11.9,1.06,0.756,382.7,151.1,105.6,2000.0,0.0,0.0,1.0,0.0,1.0,0.0,0.0
1525.0,58.6,87.5,1.02,0.979,362.7,141.0,111.8,2013.0,0.0,1.0,0.0,0.0,0.0,0.0,1.0
1432.4,49.3,89.2,1.06,0.827,474.8,168.7,98.4,2022.0,0.0,1.0,0.0,0.0,0.0,0.0,1.0
1665.7,49.3,13.6,1.17,0.844,415.3,157.9,110.4,2018.0,0.0,1.0,0.0,0.0,1.0,0.0,0.0
2170.7,62.5,8.8,1.51,0.949,492.4,157.2,120.4,2008.0,0.0,0.0,1.0,0.0,1.0,0.0,0.0
2399.3,48.2,92.3,1.36,1.027,528.3,169.8,126.1,2008.0,1.0,0.0,0.0,0.0,0.0,0.0,1.0
1380.1,35.2,26.3,1.47,0.839,484.3,151.2,103.1,2001.0,0.0,1.0,0.0,0.0,0.0,1.0,0.0
2143.0,52.5,85.3,1.76,0.91,386.3,181.0,114.3,2024.0,0.0,0.0,0.0,1.0,0.0,0.0,1.0
2058.2,40.9,89.9,1.51,0.898,490.1,177.7,118.8,2014.0,0.0,0.0,0.0,1.0,0.0,0.0,1.0
1418.0,52.0,3.8,1.26,0.869,324.1,162.8,112.3,2002.0,0.0,1.0,0.0,0.0,1.0,0.0,0.0
2378.7,37.7,36.8,1.42,1.01,479.2,151.3,128.5,2009.0,1.0,0.0,0.0,0.0,0.0,1.0,0.0
1870.3,61.5,3.0,1.45,0.937,505.0,165.5,124.8,2003.0,1.0,0.0,0.0,0.0,1.0,0.0,0.0
2280.7,53.7,0.2,1.07,0.78,349.6,176.4,112.1,2012.0,0.0,0.0,1.0,0.0,1.0,0.0,0.0
1938.6,50.8,39.7,1.14,0.952,423.5,170.9,114.7,2004.0,1.0,0.0,0.0,0.0,0.0,1.0,0.0
1645.8,51.9,38.8,1.23,0.789,342.1,141.4,109.5,2007.0,0.0,1.0,0.0,0.0,0.0,1.0,0.0
2710.4,54.5,92.2,1.63,0.783,424.7,153.2,117.6,2018.0,0.0,0.0,0.0,1.0,0.0,0.0,1.0
2238.6,62.2,8.1,1.51,1.015,362.4,154.0,109.2,2014.0,0.0,0.0,1.0,0.0,1.0,0.0,0.0
2340.1,48.0,41.2,1.24,0.812,366.2,155.2,120.4,2010.0,0.0,0.0,1.0,0.0,0.0,1.0,0.0
2310.2,43.0,40.8,1.64,1.007,418.9,158.8,118.1,2002.0,1.0,0.0,0.0,0.0,0.0,1.0,0.0
1281.0,43.0,93.6,1.0,0.987,458.3,148.9,107.9,2020.0,0.0,1.0,0.0,0.0,0.0,0.0,1.0
2267.7,39.5,91.4,1.09,0.952,441.7,173.7,122.6,2005.0,0.0,0.0,1.0,0.0,0.0,0.0,1.0
1543.6,41.6,32.7,1.18,0.849,339.0,154.9,101.6,2024.0,0.0,1.0,0.0,0.0,0.0,1.0,0.0
1870.4,37.5,27.7,1.11,1.054,509.4,172.7,116.9,2013.0,1.0,0.0,0.0,0.0,0.0,1.0,0.0
2338.0,55.1,14.6,1.57,0.918,363.7,156.3,113.1,2015.0,1.0,0.0,0.0,0.0,1.0,0.0,0.0
1343.9,56.7,13.8,1.39,0.94,415.2,148.7,97.2,2003.0,0.0,1.0,0.0,0.0,1.0,0.0,0.0
1794.6,47.7,85.5,1.32,0.922,398.6,161.6,119.9,2019.0,0.0,0.0,1.0,0.0,0.0,0.0,1.0
2057.9,53.2,9.2,1.49,0.826,553.4,150.1,115.4,2015.0,0.0,0.0,0.0,1.0,1.0,0.0,0.0
1341.9,48.9,92.6,1.13,0.747,314.3,161.9,101.0,2002.0,0.0,1.0,0.0,0.0,0.0,0.0,1.0
1254.7,59.6,91.9,1.19,0.948,456.9,150.2,98.9,2007.0,0.0,1.0,0.0,0.0,0.0,0.0,1.0
2627.6,50.3,94.6,1.2,0.744,550.8,150.3,112.5,2001.0,0.0,0.0,0.0,1.0,0.0,0.0,1.0
2183.4,31.7,21.1,1.52,0.818,408.4,187.8,122.0,2020.0,0.0,0.0,0.0,1.0,0.0,1.0,0.0
1469.2,59.4,92.4,0.98,0.991,449.2,151.7,107.4,2017.0,0.0,1.0,0.0,0.0,0.0,0.0,1.0
2163.4,64.7,11.0,1.56,0.929,411.2,160.3,125.8,2020.0,1.0,0.0,0.0,0.0,1.0,0.0,0.0
2288.6,50.2,10.6,1.55,0.882,412.9,162.5,122.5,2016.0,1.0,0.0,0.0,0.0,1.0,0.0,0.0
2205.8,47.9,11.0,1.65,0.734,387.7,157.3,117.7,2000.0,0.0,0.0,0.0,1.0,1.0,0.0,0.0
2200.9,52.0,93.4,1.03,1.026,400.4,167.6,113.5,2005.0,0.0,0.0,1.0,0.0,0.0,0.0,1.0
2183.2,42.5,31.7,1.15,0.881,487.0,151.2,110.3,2005.0,0.0,0.0,1.0,0.0,0.0,1.0,0.0
2168.1,32.6,23.3,1.2,1.095,420.7,161.7,126.4,2010.0,1.0,0.0,0.0,0.0,0.0,1.0,0.0
1765.0,36.5,37.9,1.08,1.03,440.4,166.1,121.7,2017.0,0.0,0.0,1.0,0.0,0.0,1.0,0.0
2322.9,41.6,28.4,1.57,0.93,365.0,168.7,121.3,2008.0,0.0,0.0,1.0,0.0,0.0,1.0,0.0
2026.1,53.3,0.9,1.36,0.849,518.0,158.8,112.9,2014.0,0.0,0.0,0.0,1.0,1.0,0.0,0.0
1826.9,58.6,12.9,1.26,0.911,463.3,159.5,113.6,2019.0,1.0,0.0,0.0,0.0,1.0,0.0,0.0
2152.4,45.3,91.1,1.51,0.95,515.5,161.3,127.0,2017.0,0.0,0.0,0.0,1.0,0.0,0.0,1.0
2251.4,33.4,30.6,1.2,0.797,507.4,172.1,109.1,2004.0,0.0,0.0,1.0,0.0,0.0,1.0,0.0
1814.4,54.2,89.5,1.11,0.846,491.8,158.8,123.1,2011.0,0.0,0.0,1.0,0.0,0.0,0.0,1.0
2036.5,51.5,2.7,1.55,0.912,426.3,152.1,115.2,2005.0,0.0,0.0,1.0,0.0,1.0,0.0,0.0
2000.2,46.5,94.6,1.61,0.98,390.7,159.3,114.0,2007.0,0.0,0.0,0.0,1.0,0.0,0.0,1.0
2212.7,32.0,32.8,1.4,0.781,437.1,174.5,120.5,2012.0,0.0,0.0,1.0,0.0,0.0,1.0,0.0
1893.6,35.5,90.2,1.53,0.925,422.7,145.5,114.6,2019.0,0.0,0.0,1.0,0.0,0.0,0.0,1.0
1861.4,35.8,21.0,1.41,1.088,405.8,155.1,120.7,2000.0,1.0,0.0,0.0,0.0,0.0,1.0,0.0
2459.9,55.2,0.8,1.36,0.956,427.4,174.6,121.3,2000.0,0.0,0.0,0.0,1.0,1.0,0.0,0.0
1493.1,44.2,41.6,1.34,0.767,493.0,159.7,110.0,2021.0,0.0,1.0,0.0,0.0,0.0,1.0,0.0
2014.7,57.9,86.5,1.45,0.754,418.2,151.3,121.9,2003.0,0.0,0.0,1.0,0.0,0.0,0.0,1.0
2257.4,33.1,36.8,1.19,1.054,511.6,169.4,126.6,2001.0,1.0,0.0,0.0,0.0,0.0,1.0,0.0
2555.3,45.9,9.3,1.59,0.88,370.1,169.0,122.6,2002.0,0.0,0.0,0.0,1.0,1.0,0.0,0.0
1495.5,54.5,91.3,1.23,0.739,309.9,165.7,95.1,2021.0,0.0,1.0,0.0,0.0,0.0,0.0,1.0
2738.7,35.1,90.3,1.33,0.782,543.2,151.8,127.6,2010.0,0.0,0.0,0.0,1.0,0.0,0.0,1.0
2353.0,53.8,13.5,1.21,0.885,361.1,152.1,127.3,2011.0,1.0,0.0,0.0,0.0,1.0,0.0,0.0
2008.7,59.5,10.8,1.49,0.712,414.9,175.3,123.3,2008.0,0.0,0.0,0.0,1.0,1.0,0.0,0.0
1922.4,43.9,88.5,1.49,1.018,374.3,168.2,119.5,2018.0,1.0,0.0,0.0,0.0,0.0,0.0,1.0
1817.0,54.9,30.8,1.55,0.81,494.2,174.9,122.7,2022.0,0.0,0.0,1.0,0.0,0.0,1.0,0.0
2006.0,37.1,93.4,1.7,0.929,540.6,155.3,125.6,2004.0,0.0,0.0,0.0,1.0,0.0,0.0,1.0
2101.8,50.2,3.9,1.66,0.88,442.4,160.4,119.1,2017.0,0.0,0.0,0.0,1.0,1.0,0.0,0.0
1652.5,38.5,85.2,1.31,0.912,402.0,144.7,109.9,2007.0,0.0,1.0,0.0,0.0,0.0,0.0,1.0
1649.9,38.3,87.6,1.45,0.922,390.1,166.6,107.1,2008.0,0.0,1.0,0.0,0.0,0.0,0.0,1.0
1984.0,42.7,31.6,1.5,0.796,496.4,157.2,113.7,2018.0,0.0,0.0,1.0,0.0,0.0,1.0,0.0
1857.5,42.2,33.5,1.25,1.021,381.6,159.8,113.5,2009.0,1.0,0.0,0.0,0.0,0.0,1.0,0.0
2492.0,48.9,33.5,1.62,0.953,401.6,162.3,120.4,2012.0,0.0,0.0,0.0,1.0,0.0,1.0,0.0
1614.0,54.8,3.5,1.16,0.831,343.3,144.4,109.0,2002.0,0.0,1.0,0.0,0.0,1.0,0.0,0.0
1859.7,47.4,36.5,1.48,1.008,438.0,146.9,123.2,2017.0,0.0,0.0,1.0,0.0,0.0,1.0,0.0
1658.0,37.7,94.6,0.94,0.879,359.0,157.5,109.1,2017.0,0.0,1.0,0.0,0.0,0.0,0.0,1.0
2202.8,48.2,11.5,1.12,0.979,400.8,154.8,121.0,2016.0,1.0,0.0,0.0,0.0,1.0,0.0,0.0
2164.8,54.8,11.2,1.43,0.843,453.9,163.5,106.8,2022.0,0.0,0.0,1.0,0.0,1.0,0.0,0.0
1435.5,49.9,92.0,1.21,0.818,382.9,143.3,96.9,2020.0,0.0,1.0,0.0,0.0,0.0,0.0,1.0
2133.9,56.9,94.8,1.37,0.895,498.3,170.2,112.6,2015.0,1.0,0.0,0.0,0.0,0.0,0.0,1.0
1953.4,44.3,27.9,1.07,1.021,501.5,169.5,123.9,2005.0,0.0,0.0,1.0,0.0,0.0,1.0,0.0
1865.7,39.8,88.9,1.53,0.905,367.8,156.8,122.3,2001.0,1.0,0.0,0.0,0.0,0.0,0.0,1.0
2071.5,37.7,26.5,1.41,0.898,426.2,169.0,124.3,2024.0,0.0,0.0,0.0,1.0,0.0,1.0,0.0
2760.2,37.3,24.0,1.64,0.784,399.1,185.8,124.3,2008.0,0.0,0.0,0.0,1.0,0.0,1.0,0.0
1754.7,63.2,9.8,1.05,0.962,486.9,159.8,106.3,2006.0,0.0,0.0,1.0,0.0,1.0,0.0,0.0
2478.7,49.1,26.8,1.28,0.994,409.5,177.1,111.3,2022.0,1.0,0.0,0.0,0.0,0.0,1.0,0.0
2779.2,46.6,6.4,1.66,0.987,462.4,163.0,123.6,2019.0,0.0,0.0,0.0,1.0,1.0,0.0,0.0
2026.1,52.7,93.7,1.1,0.895,470.1,172.7,112.1,2005.0,0.0,0.0,0.0,1.0,0.0,0.0,1.0
2402.6,35.2,88.1,1.61,0.987,368.5,165.9,130.0,2001.0,0.0,0.0,0.0,1.0,0.0,0.0,1.0
2038.9,50.3,93.9,1.72,0.87,497.4,172.9,113.8,2002.0,0.0,0.0,0.0,1.0,0.0,0.0,1.0
2399.2,48.1,33.0,1.23,0.756,442.5,162.9,116.4,2023.0,0.0,0.0,0.0,1.0,0.0,1.0,0.0
1437.2,35.7,29.1,1.02,0.912,342.2,169.5,99.3,2009.0,0.0,1.0,0.0,0.0,0.0,1.0,0.0
2344.4,49.5,85.8,1.66,1.051,430.7,155.6,111.7,2015.0,1.0,0.0,0.0,0.0,0.0,0.0,1.0
2393.0,31.6,38.6,1.64,1.063,369.2,168.1,114.4,2014.0,1.0,0.0,0.0,0.0,0.0,1.0,0.0
1400.9,32.9,39.2,1.38,0.877,421.4,145.5,107.0,2004.0,0.0,1.0,0.0,0.0,0.0,1.0,0.0
1914.2,63.1,4.9,1.15,0.948,463.3,153.7,113.9,2006.0,1.0,0.0,0.0,0.0,1.0,0.0,0.0
2675.5,42.8,24.5,1.13,0.975,522.7,186.3,113.3,2004.0,0.0,0.0,0.0,1.0,0.0,1.0,0.0
2524.1,48.2,1.1,1.37,0.733,411.8,163.5,115.7,2022.0,0.0,0.0,0.0,1.0,1.0,0.0,0.0
1801.3,34.7,21.6,1.7,0.913,511.0,163.9,112.8,2003.0,1.0,0.0,0.0,0.0,0.0,1.0,0.0
1262.8,49.0,4.7,1.45,0.942,327.3,150.1,104.5,2012.0,0.0,1.0,0.0,0.0,1.0,0.0,0.0
1841.1,56.5,7.9,1.54,1.029,514.7,179.7,120.6,2007.0,0.0,0.0,1.0,0.0,1.0,0.0,0.0
2203.3,47.4,33.5,1.27,0.901,358.7,164.9,120.1,2021.0,0.0,0.0,1.0,0.0,0.0,1.0,0.0
1953.1,54.0,8.5,1.58,0.918,341.7,161.7,117.0,2003.0,0.0,0.0,1.0,0.0,1.0,0.0,0.0
2246.1,41.7,85.7,1.08,0.781,439.8,172.1,123.1,2012.0,0.0,0.0,1.0,0.0,0.0,0.0,1.0
1413.8,46.5,30.3,1.07,0.852,457.9,141.8,97.5,2010.0,0.0,1.0,0.0,0.0,0.0,1.0,0.0
2091.2,45.5,20.2,1.41,0.816,550.5,186.0,121.5,2008.0,0.0,0.0,0.0,1.0,0.0,1.0,0.0
2161.7,45.5,44.5,1.46,0.989,492.9,173.7,126.1,2006.0,1.0,0.0,0.0,0.0,0.0,1.0,0.0
2738.9,45.4,10.0,1.21,0.873,406.1,150.2,125.8,2021.0,0.0,0.0,0.0,1.0,1.0,0.0,0.0
2396.9,46.2,90.0,1.14,0.941,406.4,173.5,112.6,2008.0,1.0,0.0,0.0,0.0,0.0,0.0,1.0
2204.9,45.7,1.8,1.48,0.926,531.3,159.7,113.8,2009.0,1.0,0.0,0.0,0.0,1.0,0.0,0.0
1990.9,34.5,34.1,1.48,1.058,385.6,175.3,123.5,2010.0,1.0,0.0,0.0,0.0,0.0,1.0,0.0
2052.8,57.2,7.7,1.13,0.979,460.1,168.7,129.3,2015.0,0.0,0.0,0.0,1.0,1.0,0.0,0.0
2131.1,49.6,40.9,1.41,0.922,433.3,149.2,111.7,2019.0,0.0,0.0,1.0,0.0,0.0,1.0,0.0
2203.3,39.5,91.1,1.45,0.87,509.9,184.7,127.3,2019.0,0.0,0.0,0.0,1.0,0.0,0.0,1.0
1554.3,48.8,12.9,1.23,0.933,485.6,148.9,114.4,2002.0,0.0,1.0,0.0,0.0,1.0,0.0,0.0
1906.4,41.4,91.9,1.26,1.0,517.1,165.9,127.7,2013.0,1.0,0.0,0.0,0.0,0.0,0.0,1.0
1551.7,39.5,29.1,1.04,0.774,445.5,155.2,112.5,2007.0,0.0,1.0,0.0,0.0,0.0,1.0,0.0
1945.8,45.7,2.1,1.17,0.753,474.9,174.0,114.8,2008.0,0.0,0.0,1.0,0.0,1.0,0.0,0.0
1921.7,47.1,11.3,1.23,1.049,533.8,173.1,122.0,2023.0,1.0,0.0,0.0,0.0,1.0,0.0,0.0
2583.2,47.9,14.8,1.6,0.991,367.9,152.7,119.0,2014.0,0.0,0.0,0.0,1.0,1.0,0.0,0.0
2201.1,43.7,93.1,1.71,0.711,483.0,179.7,129.5,2013.0,0.0,0.0,0.0,1.0,0.0,0.0,1.0
1558.2,36.6,22.3,1.33,0.891,342.3,149.2,105.8,2022.0,0.0,1.0,0.0,0.0,0.0,1.0,0.0
2464.1,61.5,14.1,1.29,0.852,538.9,175.5,125.2,2015.0,1.0,0.0,0.0,0.0,1.0,0.0,0.0
2095.5,32.2,33.2,1.4,0.765,349.9,177.4,118.3,2024.0,0.0,0.0,1.0,0.0,0.0,1.0,0.0
1777.9,55.0,9.8,1.11,0.754,436.9,175.4,107.7,2020.0,0.0,0.0,1.0,0.0,1.0,0.0,0.0
2303.3,49.6,92.9,1.53,0.987,371.2,159.6,128.4,2005.0,0.0,0.0,0.0,1.0,0.0,0.0,1.0
2129.5,45.2,34.0,1.32,0.896,394.0,168.2,119.6,2010.0,1.0,0.0,0.0,0.0,0.0,1.0,0.0
2348.3,38.0,45.0,1.24,0.961,491.4,175.7,122.9,2015.0,0.0,0.0,1.0,0.0,0.0,1.0,0.0
2032.2,51.3,40.6,1.26,0.716,531.1,168.1,119.4,2023.0,0.0,0.0,0.0,1.0,0.0,1.0,0.0
2172.7,45.4,2.7,1.49,0.829,382.5,164.5,111.6,2011.0,0.0,0.0,1.0,0.0,1.0,0.0,0.0
1647.0,41.8,28.4,1.46,0.773,431.8,150.3,109.8,2012.0,0.0,1.0,0.0,0.0,0.0,1.0,0.0
2368.5,39.4,20.7,1.48,0.921,353.2,178.7,121.2,2000.0,1.0,0.0,0.0,0.0,0.0,1.0,0.0
1559.9,45.6,26.6,0.99,0.784,490.8,156.9,96.8,2013.0,0.0,1.0,0.0,0.0,0.0,1.0,0.0
1495.4,44.8,36.2,1.3,0.909,386.6,161.2,109.0,2000.0,0.0,1.0,0.0,0.0,0.0,1.0,0.0
2293.4,50.9,94.7,1.63,0.977,384.3,168.3,112.4,2023.0,1.0,0.0,0.0,0.0,0.0,0.0,1.0
1647.2,65.0,6.8,0.94,0.74,344.3,166.4,109.4,2015.0,0.0,1.0,0.0,0.0,1.0,0.0,0.0
2214.7,47.3,31.4,1.67,0.864,447.9,152.9,117.2,2022.0,0.0,0.0,0.0,1.0,0.0,1.0,0.0
1542.1,30.2,25.5,1.03,0.922,442.2,143.1,98.1,2008.0,0.0,1.0,0.0,0.0,0.0,1.0,0.0
1347.8,38.2,92.0,1.04,0.889,406.1,142.6,114.3,2015.0,0.0,1.0,0.0,0.0,0.0,0.0,1.0
1380.8,55.1,93.1,1.38,0.769,364.7,146.8,111.4,2011.0,0.0,1.0,0.0,0.0,0.0,0.0,1.0
2263.6,59.2,93.5,1.57,0.833,498.1,149.7,112.5,2006.0,0.0,0.0,1.0,0.0,0.0,0.0,1.0
2328.8,56.2,12.5,1.53,0.945,398.7,160.3,112.1,2014.0,0.0,0.0,1.0,0.0,1.0,0.0,0.0
2242.3,37.2,30.3,1.31,0.826,527.4,180.5,110.4,2011.0,0.0,0.0,0.0,1.0,0.0,1.0,0.0
1484.7,34.6,21.8,1.32,0.931,482.0,161.5,111.4,2001.0,0.0,1.0,0.0,0.0,0.0,1.0,0.0
2196.8,43.8,91.4,1.11,0.813,392.2,170.8,107.6,2015.0,0.0,0.0,1.0,0.0,0.0,0.0,1.0
2266.7,34.9,22.8,1.28,1.041,476.4,171.9,129.4,2009.0,1.0,0.0,0.0,0.0,0.0,1.0,0.0
2111.6,44.5,42.5,1.29,0.996,342.7,177.9,105.8,2018.0,0.0,0.0,1.0,0.0,0.0,1.0,0.0
2044.8,42.5,94.4,1.32,1.091,478.8,152.6,126.8,2001.0,1.0,0.0,0.0,0.0,0.0,0.0,1.0
